A. Almansoori,1.0,2009 
A. Boyars,1.0,2002 
A. Diaz,1.0,2003 
A. Farhang-Mehr,1.0,2002 
A. Farhang-Mehr,1.0,2003 
A. G. Olabi,1.0,2008 
A. J. Keane,2.0,2005 
A. J. Keane,1.0,2006 
A. Meghdari,1.0,2003 
A. Purwar,1.0,2003 
A. R. Rao,1.0,2005 
A. Ravisekar,1.0,2003 
A. Shepherd,1.0,2002 
Aaron Bobuk,1.0,2010 
Aaron Stange,1.0,2006 
Abbas S. Milani,3.0,2010 
Abdalla Elbella,1.0,2006 
Abdelbasset Hamdi,1.0,2006 
Abdennour Seibi,1.0,2008 
Abdulaziz T. Almaktoom,1.0,2013 
Abdullah M. Al-Shabibi,1.0,2005 
Abhijit K. Choudhury,1.0,2006 
Abhinav Krishna Choudhary,1.0,2010 
Abhishek Kumar,1.0,2009 
Abhishek Kumar,1.0,2010 
Abigail R. Mechtenberg,1.0,2011 
Abir Z. Qamhiyah,1.0,2003 
Achille Messac,1.0,2002 
Achille Messac,2.0,2005 
Achille Messac,1.0,2006 
Achille Messac,1.0,2007 
Achille Messac,1.0,2008 
Achille Messac,2.0,2010 
Achille Messac,2.0,2011 
Achille Messac,1.0,2012 
Achille Messac,3.0,2013 
Achille Messac,2.0,2014 
Adam B. Cooper,1.0,2003 
Adam Cutbill,1.0,2013 
Adam Dixon,1.0,2009 
Adam J. Andersen,1.0,2011 
Adam P. Dachowicz,1.0,2014 
Adarsh Krishnamurthy,1.0,2009 
Adebayo O. Adewunmi,1.0,2014 
Adel A. Younis,1.0,2013 
Adel Younis,1.0,2007 
Adel Younis,1.0,2013 
Aditya Soman,1.0,2002 
Adrian Sannier,1.0,2006 
Advait A. Limaye,1.0,2003 
Adwait Vaidya,1.0,2003 
Afreen Siddiqi,1.0,2007 
Aftab Ahmad,1.0,2013 
Agus Sudjianto,1.0,2002 
Agus Sudjianto,5.0,2003 
Agus Sudjianto,5.0,2004 
Ahmad Khairyanto,1.0,2005 
Ahmad Nourbakhsh,1.0,2002 
Ahmad Smaili,1.0,2002 
Ahmed A. Shabana,1.0,2002 
Aida Khajavirad,2.0,2007 
Aida Khajavirad,1.0,2008 
Aimin Wang,1.0,2003 
Akbar Afaghi-Khatibi,1.0,2010 
Akhil Sopory,2.0,2004 
Aki M. Mikkola,1.0,2002 
Akihiro Takezawa,1.0,2003 
Akihiro Takezawa,1.0,2004 
Akihiro Takezawa,1.0,2005 
Akin Keskin,1.0,2004 
Akira Saito,1.0,2014 
Akira Yamaguchi,1.0,2007 
Akira Yao,1.0,2002 
Alain Bernard,1.0,2009 
Alain Remouchamps,1.0,2002 
Alan Bowling,1.0,2003 
Alan Haddow,1.0,2004 
Alan Parkinson,1.0,2003 
Alan R. Parkinson,1.0,2002 
Alan R. Parkinson,1.0,2003 
Alba Perez,1.0,2003 
Albert Albers,1.0,2008 
Albert Swantner,1.0,2009 
Alberto Vergnano,1.0,2011 
Alborz Bekhradi,1.0,2013 
Alejandra Garcia Toll,1.0,2002 
Alejandro A. Espinoza Orias,1.0,2004 
Alejandro Diaz,1.0,2004 
Alejandro Diaz,2.0,2005 
Alejandro R. Diaz,1.0,2002 
Alejandro R. Diaz,1.0,2003 
Alejandro R. Diaz,1.0,2007 
Aleksandr A. Kerzhner,1.0,2012 
Alessandro Giassi,1.0,2003 
Alessio Salerno,1.0,2003 
Alex Burnap,1.0,2013 
Alex Burnap,1.0,2014 
Alex C. Starling,1.0,2005 
Alex M. Ruderman,1.0,2009 
Alexander Karl,1.0,2004 
Alexander Lee,1.0,2003 
Alexandrea Chor,1.0,2012 
Alexei Morozov,1.0,2014 
Alexis Perez-Duarte,1.0,2002 
Ali A. Yassine,1.0,2002 
Ali A. Yassine,1.0,2004 
Ali Farhang Mehr,1.0,2005 
Ali Farhang Mehr,1.0,2006 
Ali Farhang-Mehr,1.0,2002 
Ali Kamyab,1.0,2008 
Ali Madani,1.0,2012 
Ali Mehmani,1.0,2013 
Ali Mehmani,1.0,2014 
Ali Mosleh,1.0,2012 
Ali R. Yildiz,1.0,2008 
Ali Saeed,1.0,2005 
Alice Agogino,1.0,2002 
Alice M. Agogino,1.0,2004 
Alireza Kasaiezadeh,1.0,2010 
Alireza Saremi,1.0,2007 
Alireza Saremi,1.0,2008 
Alisha Hammond,1.0,2003 
Alok Choudhary,1.0,2014 
Alok K. Priyadarshi,1.0,2003 
Amandeep Singh,1.0,2009 
Amandeep Singh,1.0,2010 
Amandeep Singh,1.0,2011 
Amandeep Singh,1.0,2013 
Amane Shimura,1.0,2006 
Amarendra K. Singh,2.0,2014 
Amir H. Birjandi,1.0,2008 
Amir Heidari,1.0,2009 
Amir Hooshmand,1.0,2012 
Amir Hooshmand,1.0,2013 
Amir Khajepour,1.0,2010 
Amir-R. Khorsand,1.0,2007 
Amirhossein Khosrojerdi,1.0,2013 
Amit A. Kale,1.0,2005 
Amitabha Mukerjee,1.0,2008 
Amitabha Mukerjee,1.0,2009 
Amol Ghorpade,1.0,2006 
Amos G. Winter, V,3.0,2014 
Amy Bilton,1.0,2014 
Amy E. Wood,1.0,2013 
Amy E. Wood,1.0,2014 
Anand Krishnamurthy,1.0,2003 
Anand P. Deshmukh,1.0,2013 
Anand Vedam,1.0,2010 
Andre Benard,1.0,2003 
Andre Cote,1.0,2002 
Andre Jordan,1.0,2002 
Andre Mazzoleni,1.0,2013 
Andre Saxer,1.0,2004 
Andrea De Crescenzo,1.0,2006 
Andrea Vigliotti,1.0,2011 
Andreas A. Malikopoulos,1.0,2007 
Andreas Kain,1.0,2008 
Andreas Larsson,1.0,2012 
Andreas Nordgren,1.0,2005 
Andreas Wunsch,1.0,2013 
Andres Tovar,1.0,2003 
Andres Tovar,1.0,2009 
Andres Tovar,1.0,2010 
Andres Tovar,3.0,2012 
Andres Tovar,2.0,2013 
Andrew A. Shapiro,1.0,2008 
Andrew A. Shapiro,1.0,2009 
Andrew Fischer,1.0,2007 
Andrew H. Tilstra,2.0,2009 
Andrew Hayes,1.0,2009 
Andrew Olewnik,1.0,2005 
Andrew Olewnik,1.0,2010 
Andrew Olewnik,1.0,2011 
Andrew Olewnik,1.0,2012 
Andrew P. Murray,1.0,2003 
Andrew R. Schnell,1.0,2004 
Andrew T. Olewnik,1.0,2007 
Andrew W. Heutchy,1.0,2007 
Andy Dong,1.0,2013 
Andy Dong,1.0,2014 
Andy Keane,1.0,2009 
Ang Liu,1.0,2013 
Angel G. Perez,1.0,2011 
Angran Xiao,1.0,2002 
Anil K. Annepu,1.0,2012 
Anil Kumar Maddulapalli,1.0,2012 
Anil Sachdev,1.0,2003 
Anirban Chaudhuri,1.0,2010 
Anirban Dutta,1.0,2003 
Anne Marsan,1.0,2002 
Annette G. Skowronska,1.0,2013 
Annette Skowronska,1.0,2014 
Anoop A. Mullur,2.0,2005 
Anoop K. Dhingra,1.0,2007 
Anoop K. Dhingra,1.0,2009 
Anoop K. Dhingra,1.0,2012 
Anthony Florita,1.0,2014 
Anthony Garland,1.0,2014 
Anthony M. Roy,1.0,2008 
Anthony M. Roy,1.0,2009 
Anthony Wong,1.0,2014 
Antoine Dagher,1.0,2008 
Antony Roy Mileham,1.0,2006 
Anukal Chiralaksanakul,1.0,2004 
Anupam Saxena,2.0,2003 
Anupam Saxena,1.0,2007 
Anurag Purwar,1.0,2005 
Apurva Kumar,1.0,2005 
Apurva Kumar,1.0,2006 
Aravind Alwan,1.0,2006 
Armand D. Assadi,1.0,2004 
Armen Mkrtchyan,1.0,2014 
Art Boyars,1.0,2005 
Artemis Kloess,1.0,2008 
Asa Ericson,1.0,2012 
Asad A. Usman,1.0,2002 
Ashish D. Deshpande,1.0,2003 
Ashish Khetan,1.0,2014 
Ashish Macwan,1.0,2005 
Ashitava Ghosal,2.0,2003 
Ashok V. Kumar,1.0,2003 
Ashraf Nassef,1.0,2003 
Ashraf Nassef,1.0,2010 
Ashraf O. Nassef,2.0,2002 
Ashraf O. Nassef,2.0,2003 
Ashraf O. Nassef,1.0,2007 
Ashraf O. Nassef,2.0,2008 
Ashraf O. Nassef,1.0,2009 
Ashraf O. Nassef,3.0,2010 
Ashraf O. Nassef,2.0,2012 
Ashraf O. Nassef,4.0,2013 
Ashraf O. Nassef,3.0,2014 
Ashutosh Ballal,1.0,2004 
Ashwin A. Seshia,1.0,2006 
Ashwin Gurnani,1.0,2005 
Ashwin Michaelraj,1.0,2008 
Ashwin P. Gurnani,1.0,2003 
Ashwin P. Gurnani,1.0,2007 
Asim Rashid,1.0,2013 
Asli Sahin,1.0,2006 
Ata A. Eftekharian,1.0,2009 
Ata A. Eftekharian,1.0,2011 
Ata A. Eftekharian,1.0,2012 
Ata A. Eftekharian,1.0,2013 
Athulan Vijayaraghavan,1.0,2007 
Atia E. Khalifa,1.0,2011 
Atsuro Iga,1.0,2008 
Atsuro Iga,1.0,2009 
Atsushi Kawamoto,1.0,2014 
Atsushi Konno,1.0,2003 
Atsushi Yamada,1.0,2003 
Avanti Jain,1.0,2010 
Avinash Kolla,1.0,2010 
Axel Nordin,1.0,2011 
Axel Nordin,1.0,2013 
Axel Nordin,1.0,2014 
Axel Reichwein,1.0,2009 
Ayako Nomura,1.0,2004 
Ayan Sinha,1.0,2009 
Ayan Sinha,1.0,2010 
Ayan Sinha,1.0,2011 
Aylmer Johnson,1.0,2009 
Ayman M. A. Youssef,1.0,2007 
Ayman M. A. Youssef,1.0,2010 
Ayman Wasfy,1.0,2007 
Ayman Youssef,1.0,2010 
B. Besharati,1.0,2002 
B. Besharati,1.0,2004 
B. D. Youn,1.0,2011 
B. Falcidieno,1.0,2005 
B. Falcidieno,1.0,2008 
B. Klein,1.0,2008 
B. P. Gautham,1.0,2013 
B. P. Gautham,2.0,2014 
B. S. Kang,1.0,2005 
B. Vermeulen,1.0,2005 
Bahattin Koc,1.0,2006 
Barbar Akle,1.0,2002 
Baris Canbaz,1.0,2011 
Baris Canbaz,1.0,2012 
Baris Canbaz,1.0,2013 
Bart D. Frischknecht,1.0,2011 
Bart D. Frischknecht,1.0,2013 
Bart Frischknecht,1.0,2008 
Bart Frischknecht,1.0,2009 
Barthelemy Longueville,1.0,2004 
Basavaraj Tonshal,1.0,2002 
Basavaraj Tonshal,1.0,2004 
Basavaraj Tonshal,1.0,2005 
Basavaraj Tonshal,1.0,2006 
Basavaraj Tonshal,1.0,2007 
Bastien Talgorn,1.0,2014 
Beiqing Huang,1.0,2005 
Beizhi Li,1.0,2009 
Ben Donaldson,1.0,2010 
Bengt Lennartson,1.0,2011 
Benjamin Klein,1.0,2009 
Benjamin M. Sloan,1.0,2012 
Benjamin Sloop,1.0,2010 
Benjamin W. Caldwell,1.0,2008 
Benjamin Zimmer,1.0,2013 
Benoit Eynard,1.0,2003 
Benoit Guedas,1.0,2012 
Beom Chan Jang,1.0,2014 
Bernard Rolfe,1.0,2006 
Bernard Yannou,1.0,2003 
Bernard Yannou,1.0,2004 
Bernard Yannou,1.0,2005 
Bernard Yannou,1.0,2006 
Bernard Yannou,1.0,2007 
Bernard Yannou,1.0,2008 
Bernard Yannou,1.0,2009 
Bernard Yannou,2.0,2010 
Bernard Yannou,2.0,2011 
Bernard Yannou,2.0,2012 
Bernard Yannou,2.0,2013 
Bernhard Bettig,1.0,2003 
Bernhard Bettig,1.0,2004 
Bernhard Bettig,1.0,2006 
Bert Bras,1.0,2006 
Beshoy Morkos,2.0,2010 
Beshoy Morkos,1.0,2012 
Beth Bezaire,1.0,2010 
Bethany M. Byron,1.0,2005 
Bhanoday Vemula,1.0,2012 
Bhavani V. Sankar,1.0,2007 
Bhavani V. Sankar,1.0,2011 
Bianca Facidieno,1.0,2003 
Bianca Falcidieno,1.0,2004 
Bin Song,1.0,2003 
Bin Zheng,1.0,2005 
Bin Zheng,1.0,2006 
Bin Zheng,1.0,2007 
Bin Zheng,1.0,2009 
Bin Zheng,1.0,2014 
Bjorn Johansson,1.0,2005 
Bjorn Johansson,1.0,2007 
Bjorn Lunden,1.0,2011 
Bo Eriksson,1.0,2008 
Bo Holmgren,1.0,2008 
Bo Wang,1.0,2013 
Bo Yang Yu,1.0,2013 
Bo Yang Yu,1.0,2014 
Bon-yong Koo,1.0,2011 
Bowen Yu,1.0,2012 
Brad Cooley,1.0,2010 
Brad Howard,1.0,2013 
Braden J. Hancock,1.0,2012 
Bradley Camburn,1.0,2012 
Brandon Brown,1.0,2013 
Brandon Haley,1.0,2013 
Brandon M. Haley,1.0,2014 
Brayan S. D'Souza,1.0,2002 
Brendan J. O'Toole,1.0,2007 
Brendan O'Toole,1.0,2013 
Brent L. Adams,1.0,2005 
Brent L. Adams,1.0,2006 
Brett W. Clark,1.0,2002 
Bri-Mathias Hodge,1.0,2013 
Bri-Mathias Hodge,1.0,2014 
Brian Bay,1.0,2007 
Brian Bowman,1.0,2004 
Brian C. Fabien,1.0,2005 
Brian C. H. Ho,1.0,2002 
Brian D. Roth,1.0,2008 
Brian Gilmore,1.0,2007 
Brian H. Dennis,1.0,2003 
Brian J. Daniels,1.0,2004 
Brian Literman,1.0,2012 
Brian Peterson,1.0,2003 
Brian Sylcott,1.0,2013 
Brian Sylcott,1.0,2014 
Bruce Ankenman,1.0,2008 
Bryan L. Mesmer,1.0,2014 
Bryan R. Dolan,1.0,2007 
Bryant D. Hawthorne,1.0,2012 
Bryony L. Du Pont,1.0,2010 
Bryony L. DuPont,1.0,2012 
Bryony L. DuPont,1.0,2013 
Byeng D. Youn,1.0,2002 
Byeng D. Youn,1.0,2003 
Byeng D. Youn,1.0,2004 
Byeng D. Youn,1.0,2005 
Byeng D. Youn,5.0,2007 
Byeng D. Youn,2.0,2008 
Byeng D. Youn,2.0,2009 
Byeng D. Youn,1.0,2010 
Byeng D. Youn,3.0,2011 
Byeng D. Youn,2.0,2012 
Byeng D. Youn,1.0,2013 
Byeng D. Youn,2.0,2014 
Byung C. Jung,1.0,2009 
Byung C. Jung,1.0,2011 
Byung C. Jung,1.0,2012 
Byung-Soo Kang,1.0,2006 
Byungchai Lee,1.0,2014 
Byungwoo Lee,1.0,2002 
Byungwoo Lee,1.0,2003 
C. A. Pretorius,1.0,2005 
C. Bakker,1.0,2013 
C. Chassapis,2.0,2002 
C. Chassapis,1.0,2004 
C. F. Jeff Wu,1.0,2004 
C. G. Jensen,1.0,2002 
C. G. Li,1.0,2010 
C. G. Li,1.0,2012 
C. Grace Heckmann,1.0,2011 
C. Grace Heckmann,1.0,2013 
C. Greg Jensen,1.0,2002 
C. Greg Jensen,1.0,2004 
C. Jebaraj,1.0,2005 
C. Jebaraj,1.0,2007 
C. S. Kumar,1.0,2009 
C. Wang,1.0,2003 
C. Wang,1.0,2004 
C. Yu,1.0,2005 
Callaway Turner,1.0,2011 
Cameron J. Turner,1.0,2005 
Camilo B. Resende,1.0,2011 
Carey W. King,1.0,2003 
Carey W. King,1.0,2004 
Cari Bryant Arnold,1.0,2010 
Carl A. Nelson,1.0,2003 
Carlo Sequin,1.0,2002 
Carlos A. Trujillo,1.0,2006 
Carlos A. Trujillo,1.0,2008 
Carlos Pereira,1.0,2003 
Carmen W. Graves,1.0,2014 
Carolyn C. Seepersad,1.0,2006 
Carolyn C. Seepersad,1.0,2008 
Carolyn C. Seepersad,4.0,2009 
Carolyn C. Seepersad,1.0,2010 
Carolyn C. Seepersad,1.0,2011 
Carolyn C. Seepersad,2.0,2012 
Carolyn C. Seepersad,2.0,2013 
Carolyn C. Seepersad,1.0,2014 
Carolyn Conner Seepersad,1.0,2002 
Carolyn Conner Seepersad,1.0,2003 
Carolyn Conner Seepersad,1.0,2004 
Carolyn Conner Seepersad,1.0,2005 
Carolyn Conner Seepersad,2.0,2006 
Carolyn Seepersad,1.0,2013 
Cassandra Telenko,1.0,2013 
Catherine Brinson,1.0,2012 
Catherine Brinson,1.0,2013 
Cha-Soo Jun,1.0,2005 
Chad Hume,1.0,2012 
Chad McKonly,1.0,2003 
Chaitanya Vempati,1.0,2007 
Chan Yu,1.0,2002 
Chan Yu,1.0,2003 
Chan Yu,2.0,2006 
Chan Yu,1.0,2008 
Chandan Mozumder,1.0,2007 
Chandankumar Aladahalli,1.0,2002 
Chandankumar Aladahalli,1.0,2004 
Chang Muk Kang,1.0,2007 
Chang-Hyun Lee,1.0,2013 
ChangHwan Kim,1.0,2003 
Changjin Song,1.0,2007 
Changmook Kang,1.0,2013 
Changya Yan,1.0,2009 
Chao Hu,1.0,2009 
Chao Hu,1.0,2010 
Chao Hu,2.0,2011 
Chao Hu,1.0,2012 
Chao Hu,3.0,2013 
Chao Jiang,1.0,2014 
Chao Liang,1.0,2013 
Chao Qi,1.0,2014 
Chao-Ching Yen,1.0,2009 
Chaodi Li,1.0,2003 
Charles D. Wood,1.0,2012 
Charles Friesen,1.0,2002 
Charles Kim,1.0,2009 
Charles Kim,1.0,2011 
Charles L. Penninger,1.0,2009 
Charles L. Penninger,1.0,2012 
Charles W. Wampler,1.0,2003 
Charlie C. L. Wang,1.0,2007 
Charlie Manion,1.0,2013 
Charlotte de Vries,1.0,2010 
Charlotte de Vries,1.0,2014 
Cheng Feng Zhu,1.0,2003 
Cheng Qi,1.0,2008 
Cheng Qi,1.0,2009 
Chengsheng Wang,1.0,2002 
Chenjie Wang,1.0,2009 
Chensheng Wang,1.0,2003 
Chensheng Wang,1.0,2004 
Chi Zhou,1.0,2009 
Chi Zhou,1.0,2010 
Chien-Hong Liu,1.0,2003 
Chih-Hao Liu,1.0,2008 
Chih-Hsiang Chang,1.0,2012 
Chih-Hsing Chu,1.0,2002 
Chih-Hsing Chu,1.0,2004 
Chin-Hsu Lin,2.0,2002 
Ching-Hung Chuang,1.0,2013 
Ching-Jui Chang,1.0,2006 
Ching-Jui Chang,1.0,2007 
Ching-Jui Chang,1.0,2008 
Ching-Shin Norman Shiau,1.0,2009 
Ching-Shin Norman Shiau,1.0,2010 
Ching-Shin Shiau,2.0,2007 
Ching-Shin Shiau,2.0,2008 
Chiradeep Sen,1.0,2009 
Chris Hoyle,1.0,2007 
Chris Hoyle,1.0,2009 
Chris Hoyle,1.0,2013 
Chris McMahon,1.0,2002 
Chris McMahon,1.0,2007 
Chris Mechefske,1.0,2002 
Christiaan J. J. Paredis,1.0,2005 
Christiaan J. J. Paredis,3.0,2006 
Christiaan J. J. Paredis,1.0,2007 
Christiaan J. J. Paredis,1.0,2009 
Christiaan J. J. Paredis,1.0,2011 
Christiaan J. J. Paredis,1.0,2012 
Christian Fritz,1.0,2012 
Christian Gogu,1.0,2007 
Christian Gogu,1.0,2010 
Christian Noon,1.0,2007 
Christian Noon,1.0,2009 
Christian Schunn,1.0,2011 
Christian Schunn,1.0,2013 
Christina L. Bloebaum,1.0,2014 
Christine Schoene,1.0,2010 
Christoph Ertelt,1.0,2008 
Christoph Ertelt,1.0,2009 
Christopher A. Mattson,1.0,2002 
Christopher A. Mattson,1.0,2010 
Christopher A. Mattson,3.0,2011 
Christopher A. Mattson,3.0,2012 
Christopher A. Mattson,1.0,2013 
Christopher A. Mattson,2.0,2014 
Christopher Czech,1.0,2012 
Christopher D. Congdon,1.0,2008 
Christopher Garneau,1.0,2011 
Christopher Hoyle,1.0,2008 
Christopher Hoyle,3.0,2009 
Christopher Hoyle,1.0,2010 
Christopher Hoyle,1.0,2011 
Christopher Hoyle,1.0,2012 
Christopher Hoyle,1.0,2014 
Christopher J. Brampton,1.0,2012 
Christopher J. Garneau,1.0,2007 
Christopher J. Garneau,1.0,2009 
Christopher J. Garneau,2.0,2010 
Christopher McComb,1.0,2014 
Christopher S. Bily,1.0,2012 
Christopher W. Vale,1.0,2006 
Chun-Min Ho,1.0,2010 
Chun-Yu Lin,1.0,2012 
Chung-Hyun Goh,2.0,2014 
Chung-Yi Lin,1.0,2004 
Ciro A. Soto,1.0,2003 
Ciro A. Soto,1.0,2004 
Claudio Favi,1.0,2012 
Clayton Scott,1.0,2013 
Clemens Mandl,1.0,2009 
Clemens Poernbacher,1.0,2003 
Clement M. Gosselin,1.0,2003 
Clive I. Kerr,1.0,2004 
Combiz Jelveh,1.0,2012 
Conrad S. Tucker,1.0,2007 
Conrad S. Tucker,1.0,2009 
Conrad S. Tucker,1.0,2010 
Conrad S. Tucker,2.0,2012 
Conrad S. Tucker,1.0,2013 
Constantine Samaras,1.0,2008 
Corey Lynam,1.0,2010 
Corinna Konigseder,1.0,2014 
Craig Burkhart,1.0,2012 
Cristina Amon,1.0,2012 
Cristina H. Amon,1.0,2006 
Cristina H. Amon,1.0,2008 
Cristina H. Amon,1.0,2010 
Cunzhi Pan,1.0,2005 
Curtis L. Collins,1.0,2003 
D. J. de Kock,1.0,2005 
D. Kalenchuk,1.0,2002 
D. Kingsly Jeba Singh,1.0,2005 
D. Reuben Haupt,1.0,2014 
D. Scott Hesser,1.0,2006 
D. Xue,2.0,2004 
D. Xue,2.0,2005 
D. Xue,1.0,2007 
D. Xue,1.0,2009 
D. Xue,1.0,2010 
Daeyoon Jung,1.0,2002 
Daeyoon Jung,1.0,2003 
Daisuke Tsutsumi,1.0,2008 
Damiano Pasini,1.0,2008 
Damiano Pasini,1.0,2009 
Damiano Pasini,3.0,2010 
Damiano Pasini,3.0,2011 
Damien Motte,1.0,2011 
Damien Motte,1.0,2013 
Dan Carlsen,1.0,2008 
Dan Jensen,1.0,2006 
Dan Jensen,1.0,2008 
Dan Jensen,1.0,2009 
Dan Jensen,1.0,2010 
Dan Jensen,1.0,2011 
Dan Jensen,1.0,2012 
Dan Jensen,1.0,2014 
Dan Schwartz,1.0,2004 
Dan Zhang,1.0,2003 
Dan Zhang,1.0,2004 
Dan Zhang,1.0,2005 
Dan Zhang,1.0,2007 
Dan Zhang,2.0,2008 
Dan Zhang,1.0,2009 
Dane Freeman,1.0,2011 
Daniel A. McAdams,2.0,2006 
Daniel A. McAdams,2.0,2009 
Daniel A. McAdams,1.0,2010 
Daniel Aguilera,1.0,2002 
Daniel Bohnke,1.0,2009 
Daniel D. Frey,2.0,2005 
Daniel D. Frey,1.0,2007 
Daniel D. Jensen,1.0,2009 
Daniel E. Carlsen,1.0,2008 
Daniel Martino,1.0,2014 
Daniel R. Abbott,1.0,2007 
Daniel R. Herber,1.0,2013 
Daniel Shaefer,1.0,2013 
Daniel Stratton,1.0,2014 
Daniel T. Schwartz,1.0,2002 
Daniel W. Apley,1.0,2006 
Daniel W. Apley,1.0,2010 
Daniel W. Apley,1.0,2011 
Daniel W. Apley,1.0,2012 
Daniel W. Apley,1.0,2013 
Daniel W. Apley,1.0,2014 
Daniel Wappling,1.0,2010 
Daniel Wappling,1.0,2011 
Daniel Wehrwein,1.0,2008 
Daniela Faas,1.0,2007 
Danish Khan,1.0,2014 
Danny A. Hlavinka,1.0,2008 
Dapeng Wang,1.0,2003 
Daqing Zhang,1.0,2009 
Darren A. Keese,1.0,2006 
Darren C. Knight,1.0,2011 
Dave Van Horn,1.0,2013 
David A. Dornfeld,1.0,2007 
David A. Romero,1.0,2006 
David A. Romero,1.0,2008 
David A. Romero,1.0,2009 
David A. Romero,1.0,2010 
David A. Romero,1.0,2011 
David Anderson,1.0,2003 
David C. Anderson,1.0,2002 
David Chang,1.0,2003 
David E. Johnson,3.0,2004 
David E. Johnson,1.0,2009 
David E. Lindstrom,1.0,2010 
David Ferrari,1.0,2006 
David G. Beale,2.0,2002 
David Gorsich,1.0,2007 
David Gorsich,1.0,2008 
David Gorsich,1.0,2009 
David Gorsich,2.0,2010 
David Gorsich,1.0,2011 
David Gorsich,1.0,2012 
David Gorsich,2.0,2013 
David Gorsich,1.0,2014 
David Griese,1.0,2011 
David Guirguis,1.0,2014 
David Haynor,1.0,2007 
David J. Gorsich,2.0,2007 
David J. Gorsich,2.0,2010 
David Johnson,1.0,2004 
David Kazmer,1.0,2002 
David L. McDowell,1.0,2003 
David L. McDowell,3.0,2005 
David L. McDowell,2.0,2006 
David L. McDowell,2.0,2007 
David L. McDowell,1.0,2009 
David Lamb,1.0,2009 
David Lamb,1.0,2011 
David Lamb,1.0,2012 
David Lamb,1.0,2014 
David M. Sharman,1.0,2002 
David Pulliam,1.0,2006 
David Romero,1.0,2012 
David Rosen,2.0,2005 
David Shahan,1.0,2008 
David Shahan,1.0,2009 
David Shahan,1.0,2010 
David Shahan,1.0,2011 
David Shahan,1.0,2013 
David Shahan,1.0,2014 
David T. Fullwood,1.0,2006 
David W. Hislop,1.0,2007 
David W. Rosen,1.0,2002 
David W. Rosen,1.0,2005 
David W. Rosen,1.0,2012 
David W. Rosen,1.0,2014 
David W. Shahan,1.0,2012 
David W. Shahan,1.0,2013 
David Wolf,1.0,2009 
David Yin,1.0,2012 
David Yoo,1.0,2012 
David Yoo,1.0,2013 
Dawn M. Wendell,1.0,2014 
Deborah J. Medeiros,1.0,2005 
Deborah Thurston,1.0,2012 
Deepak Kumar,1.0,2007 
Deepak Sankar Somasundaram,1.0,2008 
Deepak Sharma,1.0,2008 
Deepak Sivaraman,1.0,2009 
Deepu Mathew,1.0,2004 
Delbert Tesar,1.0,2003 
Delun Wang,1.0,2008 
Denise Halverson,1.0,2006 
Dennis Assanis,1.0,2003 
Dennis N. Assanis,1.0,2007 
Dennis W. Hong,2.0,2003 
Dennis Wang,1.0,2009 
Der-Min Tsay,1.0,2008 
Der-Min Tsay,1.0,2013 
Derek Yip-Hoi,2.0,2002 
Devendra Alhat,2.0,2008 
Deyi Xue,1.0,2007 
Deyi Xue,1.0,2009 
Dhanannjay Deo,1.0,2005 
Dhaval Lokagariwar,1.0,2004 
Di Wu,1.0,2014 
Diane L. Peters,1.0,2011 
Diane Villanueva,1.0,2011 
Dibakar Sen,1.0,2005 
Didier Farrugia,1.0,2003 
Dietmar Suesse,1.0,2010 
Dimitri Mavris,1.0,2011 
Dimitris M. Chatzigeorgiou,1.0,2011 
Ding Ding,1.0,2013 
Dipanjan D. Ghosh,1.0,2012 
Divya Kanakanala,2.0,2010 
Dmitriy A. Dikin,1.0,2011 
Dmitriy Dikin,1.0,2012 
Dohyun Park,1.0,2009 
Domenico Spensieri,1.0,2008 
Dominique Millet,1.0,2011 
Don Beeson,1.0,2005 
Don Beeson,1.0,2008 
Don Beeson,1.0,2009 
Donald R. Flugrad,1.0,2003 
Dong Luo,1.0,2005 
Dong Luo,1.0,2008 
Dong Zhao,1.0,2009 
Dong-Hoon Choi,2.0,2009 
Dongchao Yang,2.0,2006 
Dongmin Shin,1.0,2007 
Dongmin Shin,1.0,2014 
Dongping Deng,1.0,2012 
Dongwook Lim,1.0,2011 
Dongxing Cao,1.0,2008 
Dongxing Cao,1.0,2009 
Dongxing Cao,1.0,2010 
Dorin Drignei,1.0,2010 
Dorin Drignei,1.0,2011 
Dorin Drignei,1.0,2012 
Dorin Drignei,1.0,2013 
Dorin Drignei,1.0,2014 
Dorte Freisleben,1.0,2002 
Doug Fussner,1.0,2002 
Douglas C. Stahl,1.0,2004 
Douglas H. Bjorkdal,1.0,2014 
Douglas L. Van Bossuyt,1.0,2014 
Douglas S. McCorkle,1.0,2012 
Duane Storti,1.0,2002 
Duane Storti,1.0,2004 
Duane Storti,1.0,2007 
Duane Storti,1.0,2008 
Dustyn P. Roberts,1.0,2012 
E. Nathan Harris,1.0,2003 
E. Z. Opiyo,1.0,2009 
Edgar Galvan,1.0,2012 
Edgar Galvan,1.0,2014 
Edin Crnkic,1.0,2011 
Edward B. Magrab,1.0,2004 
Edward C. Kinzel,1.0,2003 
Efstratios Nikolaidis,1.0,2006 
Efstratios Nikolaidis,1.0,2008 
Efstratios Nikolaidis,1.0,2009 
Efstratios Nikolaidis,2.0,2010 
Efstratios Nikolaidis,2.0,2011 
Ehsan Masoumi Khalil Abad,1.0,2011 
Ehsan T. Esfahani,1.0,2014 
Ehsan Tarkesh Esfahani,1.0,2009 
El-Sayed Aziz,2.0,2002 
El-Sayed Aziz,1.0,2004 
Elaine Cohen,4.0,2004 
Elaine Cohen,1.0,2009 
Elena Garcia,1.0,2011 
Eliab Z. Opiyo,1.0,2005 
Eliot H. Winer,1.0,2008 
Eliot H. Winer,1.0,2014 
Eliot Winer,1.0,2007 
Eliot Winer,1.0,2009 
Eliot Winer,1.0,2011 
Eliot Winer,1.0,2012 
Elisha Sacks,2.0,2002 
Elizabeth A. Cudney,1.0,2006 
Elizabeth D. Steva,1.0,2006 
Elizabeth N. Rice,1.0,2006 
Elliott B. Tibor,1.0,2014 
Emad Samadiani,1.0,2006 
Emil Bashkansky,1.0,2012 
Emilie Chapotot,1.0,2012 
Emilie Poirson,1.0,2011 
Emilie Poirson,1.0,2012 
Emmanuel G. Lim,1.0,2014 
Emre Kazancioglu,1.0,2003 
Erdem Acar,1.0,2005 
Erdem Acar,1.0,2008 
Erhan Batuhan Arisoy,1.0,2011 
Erhan Batuhan Arisoy,1.0,2014 
Eric Bibeau,1.0,2008 
Eric Bibeau,1.0,2011 
Eric Charbonneau,1.0,2002 
Eric Coatanea,2.0,2009 
Eric Dierks,1.0,2011 
Eric Landel,1.0,2006 
Eric Laurendeau,1.0,2010 
Eric Pearce,1.0,2003 
Eric Schacht,1.0,2010 
Eric Sullivan,1.0,2011 
Erich Devendorf,1.0,2008 
Erich Devendorf,1.0,2009 
Erich Devendorf,1.0,2010 
Erich Devendorf,2.0,2011 
Erich Devendorf,1.0,2012 
Erich Devendorf,1.0,2013 
Erik Davidson,1.0,2013 
Erik K. Antonsson,1.0,2005 
Erik K. Antonsson,1.0,2007 
Erik K. Antonsson,1.0,2008 
Erik K. Antonsson,1.0,2009 
Erin F. MacDonald,1.0,2012 
Erin MacDonald,1.0,2007 
Erin MacDonald,1.0,2010 
Erin MacDonald,1.0,2011 
Erin MacDonald,1.0,2013 
Erin Roach,1.0,2011 
Ertian Hua,1.0,2002 
Eugenia Marilungo,1.0,2013 
Euihark Lee,1.0,2011 
Eun Suk Suh,1.0,2003 
Eun Suk Suh,1.0,2006 
F. Giannini,1.0,2005 
F. Giannini,1.0,2008 
F. Mistree,1.0,2008 
F. W. Liou,1.0,2002 
F. W. Liou,2.0,2003 
F. W. Liou,1.0,2005 
F. W. Liou,1.0,2006 
Fabien Nicaise,1.0,2005 
Fabien Nicaise,1.0,2007 
Fabio Bruno,1.0,2008 
Fabrice Alizon,2.0,2006 
Fabrice Alizon,2.0,2007 
Fabrice Alizon,2.0,2008 
Fabrice Alizon,1.0,2009 
Fang Liu,1.0,2010 
Fang Liu,1.0,2012 
Fangshun Jin,1.0,2002 
Farhad Ameri,1.0,2006 
Farhad Ameri,1.0,2007 
Farhad Ameri,1.0,2009 
Farhad Javid,1.0,2010 
Farid Golnaraghi,1.0,2012 
Farrokh Mistree,3.0,2002 
Farrokh Mistree,1.0,2003 
Farrokh Mistree,2.0,2004 
Farrokh Mistree,5.0,2005 
Farrokh Mistree,4.0,2006 
Farrokh Mistree,3.0,2007 
Farrokh Mistree,1.0,2008 
Farrokh Mistree,3.0,2009 
Farrokh Mistree,2.0,2010 
Farrokh Mistree,1.0,2011 
Farrokh Mistree,3.0,2013 
Farrokh Mistree,5.0,2014 
Faryar Etesami,1.0,2008 
Faysal Moreno,1.0,2005 
Felician Campean,1.0,2014 
Felipe A. C. Viana,1.0,2008 
Felipe A. C. Viana,1.0,2009 
Felipe A. C. Viana,1.0,2010 
Felipe A. C. Viana,1.0,2014 
Felipe Antonio Chegury Viana,1.0,2007 
Fenfen Xiong,1.0,2009 
Feng Gao,1.0,2009 
Feng Zhou,1.0,2009 
Feng Zhou,1.0,2013 
Feng-Hui Shi,1.0,2004 
Fengfeng Xi,1.0,2002 
Fernando Cesar Gama de Oliveira,1.0,2007 
Fernando Rangel,1.0,2002 
Ferruccio Mandorli,1.0,2009 
Firas Zeineddine,1.0,2002 
Fjola Jonsdottir,1.0,2005 
Fouad Bennis,2.0,2003 
Fouad Bennis,1.0,2009 
Fouad Bennis,1.0,2011 
Fouad Bennis,2.0,2012 
Fouad Bennis,2.0,2013 
Franca Giannini,1.0,2003 
Franca Giannini,1.0,2004 
Francesca Bolognini,1.0,2006 
Francesco Leali,1.0,2011 
Francis Thibault,1.0,2002 
Francois Christophe,1.0,2009 
Francois Cluzel,1.0,2011 
Frank Hoisl,1.0,2008 
Frank Liou,1.0,2004 
Frank Liou,1.0,2006 
Frank Liou,1.0,2007 
Frank Liou,1.0,2008 
Frank Liou,2.0,2009 
Frank Liou,2.0,2010 
Frank S. Koppelman,1.0,2007 
Frank S. Koppelman,1.0,2009 
Frank Schonberg,1.0,2012 
Frank W. Liou,1.0,2011 
Frank W. Liou,1.0,2012 
Frans G. M. Kokkeler,1.0,2007 
Fred J. A. M. van Houten,1.0,2002 
Fred J. A. M. van Houten,1.0,2007 
Fred M. Feinberg,1.0,2014 
Fred M. Proctor,1.0,2008 
Fredrik Borjesson,1.0,2012 
Fumiki Tanaka,1.0,2002 
Fumiki Tanaka,1.0,2004 
Fumiya Akasaka,1.0,2009 
Fumiya Akasaka,1.0,2012 
G. Balakrishnan,1.0,2007 
G. Gary Wang,1.0,2002 
G. Gary Wang,3.0,2003 
G. Gary Wang,1.0,2004 
G. Gary Wang,1.0,2005 
G. Gary Wang,1.0,2006 
G. Gary Wang,3.0,2007 
G. Gary Wang,1.0,2008 
G. Gary Wang,1.0,2009 
G. Gary Wang,4.0,2010 
G. Gary Wang,2.0,2011 
G. Gary Wang,1.0,2012 
G. Gary Wang,5.0,2013 
G. Gary Wang,4.0,2014 
G. Hong,1.0,2009 
G. Hua,1.0,2010 
G. Hulbert,1.0,2008 
G. J. de Wet,1.0,2005 
G. J. Park,2.0,2005 
G. J. Zhang,1.0,2008 
G. K. Ananthasuresh,1.0,2002 
G. K. Ananthasuresh,2.0,2006 
G. Li,1.0,2004 
G. Li,1.0,2007 
G. R. Vossoughi,1.0,2003 
G. T. Parks,1.0,2013 
G. Y. Li,1.0,2009 
Gabriel Hernandez,1.0,2002 
Gabriel Ris,1.0,2006 
Gabseong Lee,1.0,2009 
Gang-Won Jang,1.0,2011 
Garrett Foster,1.0,2011 
Garrett Foster,1.0,2013 
Garrett Foster,1.0,2014 
Gary M. Stump,1.0,2003 
Gary M. Stump,1.0,2013 
Gary Palmer, II,1.0,2010 
Gary Stump,1.0,2007 
Gary Stump,1.0,2012 
Gary Stump,1.0,2014 
Gary Wang,1.0,2012 
Gaurav Ameta,1.0,2004 
Gaurav Ameta,2.0,2005 
Gaurav Ameta,1.0,2006 
Gautam Marwaha,1.0,2014 
Gauthier Picard,1.0,2011 
Gene Wiggs,1.0,2005 
Gene Wiggs,1.0,2008 
Geng Zhang,1.0,2008 
Genzi Li,1.0,2006 
Geoff Reber,1.0,2005 
Geoff West,1.0,2006 
Georg M. W. Wuensch,1.0,2003 
George Fadel,1.0,2002 
George Fadel,1.0,2009 
George Fadel,1.0,2010 
George H. Cheng,3.0,2013 
George H. Cheng,1.0,2014 
George Lesieutre,1.0,2009 
George Papakonstantopoulos,1.0,2012 
George S. Ladkany,1.0,2008 
George S. Ladkany,1.0,2010 
Georges Fadel,1.0,2004 
Georges Fadel,2.0,2006 
Georges Fadel,1.0,2007 
Georges Fadel,1.0,2008 
Georges Fadel,1.0,2009 
Georges Fadel,1.0,2011 
Georges Fadel,3.0,2012 
Georges Fadel,3.0,2014 
Georges M. Fadel,1.0,2003 
Georges M. Fadel,1.0,2004 
Georges M. Fadel,3.0,2005 
Georges M. Fadel,1.0,2006 
Georges M. Fadel,1.0,2009 
Georges M. Fadel,1.0,2010 
Georges M. Fadel,1.0,2012 
Geraint Wyn Owen,1.0,2006 
Gerald R. Bourne,1.0,2006 
Ghassen Harmel,1.0,2004 
Gianna Gomez-Levi,1.0,2004 
Gianna Gomez-Levi,2.0,2006 
Gianna Gomez-Levi,1.0,2007 
Gilberto Mejia Rodriguez,1.0,2007 
Gilles Foucault,1.0,2010 
Giorgio Rizzoni,1.0,2010 
Giovanni Berselli,1.0,2011 
Girish Rao,1.0,2006 
Gloria J. Wiens,1.0,2002 
Gopal Nadadur,1.0,2010 
Gopal Nadadur,1.0,2012 
Gopal Nadadur,1.0,2013 
Gordon M. Kaufman,1.0,2007 
Gordon May,1.0,2004 
Gordon R. Pennock,1.0,2003 
Greg Burton,1.0,2014 
Greg F. Naterer,1.0,2003 
Greg Mocko,1.0,2014 
Gregory A. Keoleian,1.0,2009 
Gregory M. Mocko,1.0,2008 
Gregory M. Mocko,1.0,2012 
Gregory M. Roach,1.0,2003 
Gregory Smith,1.0,2006 
Grzegorz Koscik,1.0,2011 
Guang Dong,1.0,2013 
Guanghong Duan,1.0,2003 
Guanghua Zong,1.0,2003 
Guangleng Xiong,1.0,2004 
Guangquan Wu,1.0,2003 
Guangxing Bai,1.0,2014 
Guenter Conzelmann,1.0,2011 
Guido Galliani,1.0,2002 
Guido Poncia,1.0,2005 
Guillaume Jacquenot,1.0,2009 
Gul E. Okudan,1.0,2004 
Gul E. Okudan,1.0,2005 
Gul E. Okudan,1.0,2006 
Gul E. Okudan,1.0,2007 
Gul E. Okudan,1.0,2008 
Gul E. Okudan,1.0,2009 
Gul E. Okudan,1.0,2011 
Gul E. Okudan,1.0,2012 
Gul E. Okudan Kremer,1.0,2012 
Gul E. Okudan Kremer,1.0,2013 
Gunay Orbay,1.0,2009 
Gunay Orbay,1.0,2011 
Guojun Zhang,1.0,2008 
Guolai Yang,1.0,2012 
Guolai Yang,1.0,2013 
Guoxian Zhang,1.0,2002 
H. A. Chowdhury,1.0,2008 
H. Choset,1.0,2006 
H. James de St. Germain,1.0,2004 
H. James de St. Germain,1.0,2005 
H. Medellin,1.0,2005 
H. Sarin,1.0,2008 
H. Wang,1.0,2002 
H. Yang,2.0,2005 
Hady Parsaiyan,1.0,2010 
Hae Chang Gea,1.0,2002 
Hae Chang Gea,2.0,2003 
Hae Chang Gea,1.0,2004 
Hae Chang Gea,2.0,2005 
Hae Chang Gea,3.0,2006 
Hae Chang Gea,1.0,2007 
Hae Chang Gea,2.0,2008 
Hae Chang Gea,2.0,2009 
Hae Chang Gea,2.0,2010 
Hae Chang Gea,3.0,2011 
Hae Chang Gea,2.0,2012 
Hae Chang Gea,3.0,2013 
Hae Chang Gea,2.0,2014 
Hae-Jin Choi,1.0,2002 
Hae-Jin Choi,2.0,2005 
Hae-Jin Choi,1.0,2006 
Hae-Jin Choi,1.0,2007 
Hae-Jin Choi,1.0,2009 
Hae-Jin Choi,1.0,2013 
Hai-Jun Su,2.0,2003 
Hai-Jun Su,1.0,2009 
Haifeng Ji,1.0,2011 
Haipang Wu,1.0,2009 
Haipeng Jia,1.0,2008 
Hakan U. Artar,1.0,2007 
Halldor Palsson,1.0,2011 
Hallie J. Kintner,1.0,2007 
Hamid Jahed,1.0,2010 
Han Tong Loh,1.0,2010 
Hanbo Li,1.0,2013 
Hannah Muchnick,1.0,2006 
Hannah Muchnick,1.0,2007 
Hans Andersson,1.0,2010 
Hans Andersson,1.0,2011 
Hans Georg Bock,1.0,2004 
Hans Przewozny,1.0,2004 
Hans Tragter,1.0,2007 
Haobo Qiu,1.0,2011 
Haoyu Wang,1.0,2005 
Harrison Kim,1.0,2014 
Harrison M. Kim,1.0,2005 
Harrison M. Kim,1.0,2006 
Harrison M. Kim,2.0,2007 
Harrison M. Kim,2.0,2009 
Harrison M. Kim,2.0,2010 
Harrison M. Kim,1.0,2011 
Harrison M. Kim,3.0,2012 
Harrison M. Kim,2.0,2013 
Harrison M. Kim,1.0,2014 
Harry H. Cheng,1.0,2005 
Harsheel Shah,1.0,2011 
Haruki Kariya,1.0,2007 
Hee Soo Kim,1.0,2014 
Hee-Byoung Choi,1.0,2003 
Heidi Q. Chen,1.0,2012 
Heikki Kauranne,1.0,2009 
Heji Jeong,1.0,2012 
Helmi Attia,1.0,2013 
Helmi Attia,1.0,2014 
Hemanth Amarchinta,1.0,2012 
Heng Pan,1.0,2004 
Henri J. Thevenot,1.0,2004 
Henri J. Thevenot,3.0,2005 
Henri J. Thevenot,1.0,2006 
Henri J. Thevenot,1.0,2007 
Herve Guyon,1.0,2008 
Hesham A. Hegazi,1.0,2002 
Hesham A. Hegazi,1.0,2003 
Hesham A. Hegazi,2.0,2005 
Hesham A. Hegazi,1.0,2008 
Hesham A. Hegazi,1.0,2012 
Hesham Hegazi,1.0,2013 
Hesham Hegazi,1.0,2014 
Hideki Aoyama,1.0,2005 
Hideki Aoyama,1.0,2006 
Hideyuki Takagi,1.0,2004 
Hilario L. Oh,1.0,2010 
Hiroaki Date,1.0,2007 
Hirofumi Amaya,1.0,2010 
Hirofumi Amaya,1.0,2011 
Hiroshi Ishikawa,1.0,2002 
Hiroshi Ishikawa,1.0,2003 
Hiroshi Masuda,1.0,2007 
Hiroshi Yamakawa,2.0,2002 
Hiroshi Yamakawa,1.0,2003 
Hiroshi Yamakawa,1.0,2006 
Hitoshi Tokunaga,1.0,2002 
Hitoshi Tokunaga,1.0,2004 
Hlynur Kristinsson,1.0,2005 
Ho-bum Kim,1.0,2013 
Ho-Chin Jar,1.0,2004 
Hod Lipson,1.0,2004 
Hoda A. ElMaraghy,1.0,2003 
Hoda Mehrpouyan,1.0,2013 
Hong Dong,1.0,2005 
Hong Dong,1.0,2006 
Hong Yoon Kim,1.0,2011 
Hong Zhou,1.0,2012 
Hong Zhou,1.0,2013 
Hong-Lae Jang,1.0,2011 
Hong-Lae Park,1.0,2013 
Hong-Yuan Chang,1.0,2002 
Hong-Zhong Huang,1.0,2007 
Hong-Zhong Huang,2.0,2009 
Hong-Zhong Huang,1.0,2010 
Hong-Zhong Huang,1.0,2011 
Hong-Zhong Huang,1.0,2014 
Honglak Lee,1.0,2014 
Hongqing Wang,1.0,2005 
Hongseok Moses Noh,1.0,2004 
Hongyi Xu,1.0,2012 
Hongyi Xu,1.0,2013 
Hongyi Xu,1.0,2014 
Horea Ilies,1.0,2007 
Horea T. Ilies,1.0,2006 
Horea T. Ilies,1.0,2007 
Horea T. Ilies,1.0,2008 
Horea T. Ilies,1.0,2009 
Horea T. Ilies,1.0,2011 
Hossein Ghiasi,1.0,2008 
Hossein Rokni D. T.,1.0,2010 
Howie Choset,1.0,2003 
Hsi-Yung Feng,1.0,2007 
Hsin-Pao Chen,1.0,2008 
Hua Deng,1.0,2012 
Huade Tan,1.0,2010 
Huai-Wei Ren,1.0,2008 
Huaicai Mo,1.0,2002 
Hui Yu,1.0,2003 
Huibin Liu,1.0,2003 
Huibin Liu,1.0,2004 
Huibin Liu,1.0,2005 
Huibin Lui,1.0,2006 
Huijun Song,1.0,2007 
Hungjen Wang,1.0,2007 
Huseyin Erdim,1.0,2007 
Huseyin Erdim,1.0,2008 
Hyeongjin Song,1.0,2011 
Hyeongjin Song,1.0,2012 
Hyosang Moon,1.0,2013 
Hyun-Seok Kim,1.0,2011 
Hyung Min Kim,1.0,2003 
Hyung Sool Oh,1.0,2012 
Hyung Sool Oh,1.0,2013 
Hyung-Jeong Yang,1.0,2008 
Hyunkyoo Cho,1.0,2012 
Hyunkyoo Cho,1.0,2014 
Hyunsun A. Kim,1.0,2012 
Hyunwoong Ko,1.0,2014 
I. Horvath,1.0,2002 
I. Jessica Hidalgo,1.0,2006 
I. Jessica Hidalgo,1.0,2007 
I. Kimura,1.0,2002 
Ian H. Tseng,1.0,2007 
Ian R. Grosse,1.0,2006 
Ian Tseng,1.0,2011 
Igor Baseski,1.0,2013 
Igor Baseski,2.0,2014 
Igor Tsukanov,1.0,2006 
Ikjin Lee,1.0,2006 
Ikjin Lee,2.0,2007 
Ikjin Lee,1.0,2008 
Ikjin Lee,3.0,2009 
Ikjin Lee,2.0,2010 
Ikjin Lee,2.0,2011 
Ikjin Lee,3.0,2012 
Ikjin Lee,2.0,2013 
Ikjin Lee,1.0,2014 
Ilan M. Kroo,1.0,2008 
Ilaria Cristofolini,1.0,2008 
Iman Ebrahimi,1.0,2012 
Imme Ebert-Uphoff,1.0,2006 
Imre Horvath,1.0,2002 
Inna Turevsky,1.0,2007 
Inna Turevsky,1.0,2011 
Irem Tumer,1.0,2006 
Irem Y. Tumer,1.0,2005 
Irem Y. Tumer,2.0,2006 
Irem Y. Tumer,1.0,2011 
Irem Y. Tumer,1.0,2012 
Irem Y. Tumer,1.0,2013 
Irem Y. Tumer,1.0,2014 
Irfan Kaymaz,1.0,2002 
Ivan Mata,1.0,2012 
Iyad T. Alzaharnah,1.0,2012 
J. A. Carretero,1.0,2002 
J. B. C. Davies,1.0,2005 
J. C. Leon,1.0,2005 
J. C. Yang,1.0,2002 
J. Corney,1.0,2005 
J. Gu,1.0,2009 
J. H. Panchal,1.0,2008 
J. Hamel,1.0,2009 
J. I. Bailey,1.0,2003 
J. J. Shah,1.0,2003 
J. K. Allen,1.0,2008 
J. K. Davidson,1.0,2003 
J. K. Hill,1.0,2002 
J. M. Hamel,1.0,2010 
J. M. Hamel,1.0,2014 
J. M. McCarthy,1.0,2003 
J. M. Ritchie,1.0,2005 
J. Michael McCarthy,2.0,2003 
J. P. Jarrett,1.0,2013 
J. P. Pernot,1.0,2005 
J. P. Scanlan,1.0,2005 
J. Raghavan,1.0,2007 
J. Rastegar,3.0,2003 
J. Ricardo Munoz,1.0,2005 
J. S. M. Vergeest,1.0,2002 
J. S. M. Vergeest,1.0,2003 
J. S. M. Vergeest,1.0,2004 
J. S. M. Vergeest,1.0,2005 
J. S. M. Vergeest,1.0,2007 
J. Schiffmann,1.0,2013 
J. T. Wang,2.0,2002 
J. Zhang,2.0,2003 
J.-C. Leon,1.0,2008 
J.-P. Pernot,1.0,2008 
Jacob S. Morrise,1.0,2011 
Jacquelyn K. S. Nagel,1.0,2012 
Jacques Verriet,1.0,2010 
Jae Chang Kim,1.0,2011 
Jae-Yong Park,1.0,2009 
Jaehyun Kwon,1.0,2005 
Jaehyung Ju,1.0,2009 
Jaehyung Ju,2.0,2010 
Jaehyung Ju,2.0,2011 
Jaeil Park,1.0,2003 
Jaeil Park,1.0,2004 
Jaeil Park,1.0,2005 
Jaeil Park,1.0,2007 
Jaekwan Shin,1.0,2013 
Jafar Jamshidi,1.0,2006 
Jagadeep Thota,1.0,2007 
Jagadeep Thota,1.0,2013 
Jaime Gallardo,1.0,2002 
Jaime P. Honra,1.0,2014 
Jakob Westrom,1.0,2011 
James Allison,1.0,2005 
James Brink,1.0,2003 
James H. Oliver,1.0,2004 
James H. Oliver,1.0,2007 
James Humann,1.0,2013 
James J. Mason,2.0,2003 
James K. Guest,1.0,2012 
James K. Guest,1.0,2014 
James K. Mills,1.0,2002 
James L. Cunningham,1.0,2012 
James L. Mathieson,1.0,2012 
James M. Gibert,1.0,2009 
James Oliver,1.0,2006 
James P. Schmiedeler,1.0,2012 
James R. Rinderle,1.0,2003 
James Rankin, II,1.0,2004 
James Reneke,1.0,2009 
James S. Albus,1.0,2003 
James T. Allison,1.0,2007 
James T. Allison,1.0,2008 
James T. Allison,3.0,2010 
James T. Allison,1.0,2011 
James T. Allison,1.0,2012 
James T. Allison,3.0,2013 
James T. Allison,2.0,2014 
James W. Beard,1.0,2003 
James Yang,3.0,2013 
Jami J. Shah,1.0,2002 
Jami J. Shah,1.0,2004 
Jami J. Shah,4.0,2005 
Jami J. Shah,1.0,2006 
Jami J. Shah,1.0,2007 
Jami J. Shah,2.0,2009 
Jami J. Shah,1.0,2011 
Jami J. Shah,1.0,2012 
Jami J. Shah,1.0,2013 
Jami J. Shah,1.0,2014 
Jami Shah,1.0,2003 
Jamie Pears,1.0,2009 
Jan H. Griebsch,1.0,2003 
Janet K. Allen,3.0,2002 
Janet K. Allen,1.0,2003 
Janet K. Allen,2.0,2004 
Janet K. Allen,5.0,2005 
Janet K. Allen,4.0,2006 
Janet K. Allen,4.0,2007 
Janet K. Allen,1.0,2008 
Janet K. Allen,3.0,2009 
Janet K. Allen,2.0,2010 
Janet K. Allen,1.0,2011 
Janet K. Allen,3.0,2013 
Janet K. Allen,5.0,2014 
Janet Worgan,1.0,2004 
Jang-Ting Chen,1.0,2004 
Janis P. Terpenny,2.0,2004 
Janis P. Terpenny,2.0,2006 
Janis Terpenny,1.0,2005 
Jarden Krager,1.0,2006 
Jared Gragg,1.0,2012 
Jared Gragg,1.0,2013 
Jarek Rossignac,1.0,2005 
Jarod C. Kelly,1.0,2009 
Jasbir Arora,1.0,2012 
Jason D. Watson,1.0,2014 
Jason Denhart,1.0,2013 
Jason M. Weaver,1.0,2008 
Jason Matthew Aughenbaugh,1.0,2006 
Jason Matthew Aughenbaugh,1.0,2007 
Jason Parise,1.0,2008 
Jason Weaver,1.0,2011 
Jay D. Martin,1.0,2003 
Jay D. Martin,1.0,2004 
Jay D. Martin,1.0,2005 
Jay D. Martin,1.0,2007 
Jay D. Martin,1.0,2008 
Jay D. Martin,1.0,2011 
Jay Fletcher,1.0,2004 
Jay Patel,1.0,2008 
Jayaram Gopalakrishnan,1.0,2006 
Jean W. Zu,1.0,2002 
Jean-Claude Leon,1.0,2003 
Jean-Claude Leon,1.0,2004 
Jean-Claude Leon,1.0,2010 
Jean-Francois Petiot,1.0,2008 
Jean-Jacques Maisonneuve,1.0,2003 
Jean-Jacques Maisonneuve,1.0,2009 
Jean-Philippe Pernot,1.0,2003 
Jean-Philippe Pernot,1.0,2004 
Jean-Pierre Mathieu,1.0,2009 
Jeff Thielman,1.0,2004 
Jeffrey A. Robinson,1.0,2008 
Jeffrey D. Allen,1.0,2014 
Jeffrey D. Arena,1.0,2014 
Jeffrey D. Wishart,1.0,2006 
Jeffrey Freedman,1.0,2014 
Jeffrey W. Herrmann,1.0,2007 
Jeffrey W. Herrmann,2.0,2009 
Jeng-Shen Huang,1.0,2004 
Jens Ottnad,1.0,2008 
Jeonghan Ko,1.0,2003 
Jeongwoo Han,1.0,2007 
Jered H. Dean,1.0,2014 
Jeremy J. Michalek,1.0,2003 
Jeremy J. Michalek,1.0,2004 
Jeremy J. Michalek,1.0,2005 
Jeremy J. Michalek,1.0,2006 
Jeremy J. Michalek,3.0,2007 
Jeremy J. Michalek,4.0,2008 
Jeremy J. Michalek,1.0,2009 
Jeremy J. Michalek,1.0,2010 
Jeremy J. Michalek,1.0,2011 
Jeremy J. Michalek,2.0,2013 
Jeremy Michalek,3.0,2007 
Jeremy Murphy,1.0,2014 
Jerry Duncan,1.0,2007 
Jesse Schultz,1.0,2011 
Ji Hwan Lee,1.0,2012 
Ji Sun Kim,1.0,2012 
Jia Li,1.0,2011 
Jiachuan Wang,1.0,2005 
Jiachuan Wang,2.0,2008 
Jian Cao,1.0,2002 
Jian Cao,1.0,2004 
Jian Tu,1.0,2003 
Jian Tu,2.0,2004 
Jian Wan,1.0,2004 
Jian Wan,2.0,2006 
Jian Zhang,1.0,2008 
Jian Zhang,1.0,2012 
JianFeng Li,1.0,2002 
Jiangchuan Liu,1.0,2010 
Jianguo Wang,1.0,2004 
Jianhua Zhou,1.0,2012 
Jianhua Zhou,1.0,2013 
Jiantao Liu,1.0,2011 
Jianxin (Roger) Jiao,1.0,2013 
Jianxin Jiao,1.0,2005 
Jianxin Roger Jiao,1.0,2009 
Jianzhong Ruan,1.0,2002 
Jianzhong Ruan,1.0,2003 
Jianzhong Ruan,1.0,2005 
Jianzhong Ruan,1.0,2006 
Jianzhong Ruan,1.0,2007 
Jianzhong Ruan,1.0,2008 
Jianzhong Ruan,2.0,2009 
Jianzhong Ruan,2.0,2010 
Jianzhong Ruan,1.0,2011 
Jiaqin Chen,1.0,2006 
Jie Chen,1.0,2009 
Jie Hu,1.0,2004 
Jie Hu,1.0,2013 
Jie Sheng,1.0,2003 
Jie Zhang,2.0,2010 
Jie Zhang,2.0,2011 
Jie Zhang,2.0,2013 
Jie Zhang,1.0,2014 
Jigar Vadia,1.0,2003 
Jihong Liu,1.0,2007 
Jihun Kim,1.0,2013 
Jihun Kim,1.0,2014 
Jiju A. Ninan,1.0,2003 
Jiliang Wang,1.0,2009 
Jiliang Wang,2.0,2010 
Jillian Haldaman,1.0,2010 
Jim He,1.0,2011 
Jim Shephard,1.0,2005 
Jin H. Hong,1.0,2005 
Jin Hui Kim,1.0,2012 
Jin Wen,1.0,2014 
Jing Fu,1.0,2008 
Jing Han,2.0,2007 
Jing Li,1.0,2007 
Jing Li,2.0,2009 
Jing Li,1.0,2010 
Jing Li,1.0,2013 
Jing Wang,2.0,2014 
Jing Xiong,2.0,2006 
Jinghong Liang,1.0,2004 
Jinghong Liang,1.0,2005 
Jinghong Liang,1.0,2006 
Jingjun Yu,1.0,2003 
Jingru Zhang,1.0,2012 
Jingzhou (James) Yang,1.0,2012 
Jinling Wang,1.0,2009 
Jinsong Wang,1.0,2003 
Jiong Tang,1.0,2014 
Jiten Patel,1.0,2009 
Jitendra Prasad,1.0,2002 
Jitendra Prasad,1.0,2005 
Jitendra Prasad,1.0,2007 
Jitesh H. Panchal,2.0,2005 
Jitesh H. Panchal,2.0,2006 
Jitesh H. Panchal,2.0,2007 
Jitesh H. Panchal,1.0,2008 
Jitesh H. Panchal,1.0,2009 
Jitesh H. Panchal,1.0,2011 
Jitesh H. Panchal,1.0,2012 
Jitesh H. Panchal,1.0,2013 
Jitesh H. Panchal,2.0,2014 
Jitesh Panchal,1.0,2014 
Jiung-Cheng Pan,1.0,2003 
Joaquim R. R. A. Martins,1.0,2011 
Joaquin Moran,1.0,2012 
Joel Johansson,1.0,2012 
Johan Andersson,2.0,2003 
Johan Andersson,1.0,2004 
Johan Andersson,1.0,2005 
Johan Malmqvist,1.0,2004 
Johan Olvander,3.0,2007 
Johan Olvander,1.0,2008 
Johan Olvander,1.0,2009 
Johan Olvander,1.0,2010 
Johan Olvander,1.0,2011 
Johan Olvander,1.0,2012 
Johan Olvander,1.0,2014 
Johan Persson,1.0,2011 
Johan S. Carlson,2.0,2008 
Johan S. Carlson,1.0,2011 
Johan Segeborn,1.0,2011 
Johann U. Zimmermann,1.0,2002 
Johannes Minx,1.0,2008 
John C. Ziegert,1.0,2010 
John Cooper,1.0,2013 
John Coultate,1.0,2009 
John D. DesJardins,1.0,2010 
John E. Renaud,2.0,2003 
John E. Renaud,1.0,2004 
John E. Renaud,1.0,2006 
John E. Renaud,2.0,2007 
John E. Renaud,1.0,2009 
John E. Renaud,1.0,2010 
John E. Sneckenberger,1.0,2010 
John Eddy,1.0,2002 
John Goetz,1.0,2010 
John Hall,1.0,2014 
John J. Wood,1.0,2002 
John Jung-Woon Yoo,1.0,2009 
John K. Dickinson,1.0,2002 
John K. Gershenson,1.0,2006 
John K. Gershenson,1.0,2008 
John Kruckenberg,1.0,2010 
John L. Michaloski,1.0,2008 
John Pieprzak,1.0,2004 
John R. Lewandowski,1.0,2014 
John W. Glassmire,1.0,2013 
John W. Whitefoot,1.0,2011 
John Whitaker,1.0,2004 
John Yen,1.0,2005 
John Ziegert,1.0,2009 
Jon Shelley,1.0,2002 
Jonathan Cagan,1.0,2002 
Jonathan Cagan,1.0,2004 
Jonathan Cagan,1.0,2007 
Jonathan Cagan,2.0,2008 
Jonathan Cagan,1.0,2009 
Jonathan Cagan,2.0,2010 
Jonathan Cagan,2.0,2011 
Jonathan Cagan,1.0,2012 
Jonathan Cagan,3.0,2013 
Jonathan Cagan,1.0,2014 
Jonathan Holzman,1.0,2010 
Jonathan Osborn,1.0,2006 
Jonathan W. Wittwer,1.0,2003 
Jongmin Lim,1.0,2014 
Joo H. Kim,1.0,2012 
Joo-Ho Choi,1.0,2011 
Joonha Kim,1.0,2011 
Joost Van de Peer,1.0,2004 
Jordan F. Pease,1.0,2014 
Jordan J. Cox,1.0,2003 
Jordan J. Cox,1.0,2006 
Jordan Matthews,1.0,2013 
Jordan Matthews,1.0,2014 
Jordan Smith,1.0,2002 
Jorge Angeles,2.0,2003 
Jorge Angeles,2.0,2010 
Jorge Angeles,1.0,2014 
Joris S. M. Vergeest,1.0,2002 
Joris S. M. Vergeest,1.0,2003 
Joris S. M. Vergeest,1.0,2004 
Joris S. M. Vergeest,1.0,2007 
Joris S. M. Vergeest,1.0,2008 
Jose A. Llamos Soriz,1.0,2002 
Jose A. Rincon,1.0,2009 
Jose Antonio Ferreria Borges,1.0,2007 
Jose Lebron,2.0,2010 
Jose Maria Rico,1.0,2002 
Jose Martinez Escanaverino,1.0,2002 
Jose-Ramon Vega-Galaz,1.0,2005 
Josef Oehmen,1.0,2010 
Joseph A. Donndelinger,1.0,2004 
Joseph A. Donndelinger,1.0,2007 
Joseph A. Donndelinger,2.0,2008 
Joseph A. Donndelinger,1.0,2009 
Joseph Donndelinger,1.0,2005 
Joseph Donndelinger,2.0,2011 
Joseph Holub,1.0,2012 
Joseph J. Beaman,1.0,2004 
Joseph K. Davidson,1.0,2004 
Joseph K. Davidson,3.0,2005 
Joseph K. Davidson,1.0,2006 
Joseph K. Davidson,1.0,2009 
Joseph K. Davidson,1.0,2011 
Joseph K. Davidson,1.0,2012 
Joseph K. Davidson,1.0,2013 
Joseph K. Davidson,1.0,2014 
Joseph R. Piacenza,1.0,2012 
Josh Bongard,1.0,2004 
Josh Kollat,1.0,2008 
Joshua D. Summers,2.0,2003 
Joshua D. Summers,2.0,2004 
Joshua D. Summers,1.0,2005 
Joshua D. Summers,3.0,2006 
Joshua D. Summers,1.0,2007 
Joshua D. Summers,1.0,2008 
Joshua D. Summers,2.0,2009 
Joshua D. Summers,4.0,2010 
Joshua D. Summers,2.0,2011 
Joshua D. Summers,2.0,2012 
Joshua D. Summers,2.0,2013 
Joshua D. Summers,1.0,2014 
Joshua M. Williams,1.0,2013 
Joshua Mineroff,1.0,2012 
Joshua Summers,1.0,2007 
Josue R. Crespo-Varela,1.0,2012 
Joung Taek Yoon,1.0,2012 
Joung Taek Yoon,1.0,2014 
Jozsef Kovecses,1.0,2010 
Juan Camilo Medina,1.0,2012 
Juan Carlos Garcia Arenillas,1.0,2006 
Judy M. Vance,2.0,2002 
Judy M. Vance,1.0,2007 
Judy M. Vance,1.0,2009 
Judy Vance,1.0,2005 
Judy Vance,1.0,2012 
Julian Booker,1.0,2007 
Julie S. Linsey,1.0,2011 
Julien Benabes,1.0,2011 
Julien Benabes,1.0,2012 
Jun Doi,1.0,2003 
Jun Dong,1.0,2002 
Jun Dong,1.0,2003 
Jun Kawai,1.0,2005 
Jun Liu,1.0,2006 
Jun Lu,1.0,2012 
Jun Shu,1.0,2009 
Jun Tang,1.0,2003 
Jun Zhang,1.0,2002 
Jun Zhang,1.0,2009 
Jun Zhou,1.0,2005 
Jun Zhou,1.0,2006 
Junfu Zhang,1.0,2010 
Jung Leng Foo,1.0,2012 
Jungmok Ma,1.0,2012 
Jungmok Ma,1.0,2013 
Jungmok Ma,1.0,2014 
Junqiang Bai,1.0,2013 
Junqiang Zhang,1.0,2011 
Junxuan Li,1.0,2014 
Jurgen Grasel,1.0,2004 
Justin Seipel,1.0,2012 
Justin Wahlborg,1.0,2002 
Jyh-Cheng Yu,1.0,2002 
Jyothi Hogirala,1.0,2006 
Jyotirmaya Nanda,3.0,2005 
K. H. Hwang,1.0,2005 
K. H. Ko,1.0,2005 
K. H. Ko,1.0,2006 
K. H. Saleh,1.0,2012 
K. J. Craig,1.0,2004 
K. J. Craig,1.0,2005 
K. K. Choi,1.0,2005 
K. K. Choi,1.0,2008 
K. K. Choi,2.0,2009 
K. K. Choi,1.0,2011 
K. K. Choi,2.0,2012 
K. K. Choi,1.0,2014 
K. Maddulapalli,1.0,2002 
K. Maddulapalli,1.0,2004 
K. P. Karunakaran,1.0,2006 
K. Pochiraju,1.0,2005 
K. W. Lyons,1.0,2002 
K. W. Wang,1.0,2005 
K. Weinert,1.0,2004 
K.-H. Grote,1.0,2002 
Kaarthic Madhavan,1.0,2008 
Kai Liu,1.0,2013 
Kai-Hsun Hsu,1.0,2009 
Kai-Lu Wang,1.0,2002 
Kaivan Kamali,1.0,2005 
Kaiyu Chen,1.0,2002 
Kalie Porterfield,1.0,2012 
Kalyanmoy Deb,1.0,2008 
Kamal Gupta,1.0,2010 
Kamal Youcef-Toumi,1.0,2011 
Kambiz H. Hajikolaei,1.0,2013 
Kambiz Haji Hajikolaei,1.0,2012 
Kambiz Haji Hajikolaei,2.0,2013 
Kambiz Haji Hajikolaei,2.0,2014 
Kang Tai,2.0,2002 
Kang Zhao,1.0,2004 
Karen J. Ostergaard,2.0,2003 
Karen J. Ostergaard,1.0,2004 
Karim A. Aguib,1.0,2008 
Karim Abdel-Malek,1.0,2012 
Karim Hamza,2.0,2003 
Karim Hamza,1.0,2005 
Karim Hamza,1.0,2006 
Karim Hamza,2.0,2009 
Karim Hamza,3.0,2010 
Karim Hamza,4.0,2011 
Karim Hamza,3.0,2012 
Karim Hamza,5.0,2013 
Karim Hamza,5.0,2014 
Karl Reichard,1.0,2010 
Karthik Ramani,1.0,2003 
Karthik Ramani,2.0,2009 
Karthik Ramani,1.0,2010 
Karthik Ramani,1.0,2011 
Kate S. Whitefoot,1.0,2012 
Kate Whitefoot,1.0,2011 
Katherine Fu,1.0,2014 
Katherine Koritz,1.0,2013 
Kathleen M. Hart,1.0,2009 
Katie Grantham Lough,1.0,2006 
Katie Grantham Lough,1.0,2007 
Katie Whitefoot,1.0,2009 
Katie Whitefoot,1.0,2010 
Katja Holtta-Otto,1.0,2006 
Katja Holtta-Otto,1.0,2012 
Katja Holtta-Otto,1.0,2013 
Katsuya Mogami,1.0,2005 
Kaushik Sinha,1.0,2013 
Kaveh Amouzgar,1.0,2013 
Kaveh Amouzgar,1.0,2014 
Kaveh Mohamed,1.0,2010 
Kayla A. Von Hagel,1.0,2014 
Kazem Abhary,1.0,2002 
Kazem Abhary,1.0,2003 
Kazuhiro Aoyama,1.0,2006 
Kazuhiro Aoyama,1.0,2012 
Kazuhiro Izui,2.0,2002 
Kazuhiro Izui,2.0,2003 
Kazuhiro Izui,3.0,2004 
Kazuhiro Izui,4.0,2005 
Kazuhiro Izui,2.0,2006 
Kazuhiro Izui,3.0,2007 
Kazuhiro Izui,4.0,2008 
Kazuhiro Izui,2.0,2009 
Kazuhiro Oki,1.0,2010 
Kazuhiro Saitou,2.0,2002 
Kazuhiro Saitou,5.0,2003 
Kazuhiro Saitou,1.0,2004 
Kazuhiro Saitou,2.0,2005 
Kazuhiro Saitou,2.0,2006 
Kazuhiro Saitou,1.0,2008 
Kazuhiro Saitou,1.0,2009 
Kazuhiro Saitou,3.0,2010 
Kazuhiro Saitou,3.0,2011 
Kazuhiro Saitou,1.0,2012 
Kazuhiro Saitou,2.0,2013 
Kazuhiro Saitou,2.0,2014 
Kazuki Fujita,1.0,2012 
Kazuma Fukatani,1.0,2002 
Kazuya Oizumi,1.0,2012 
Kazuyuki Sugimura,1.0,2006 
Ke Fu,1.0,2002 
Ke Li,1.0,2010 
Ke-Zheng Huang,1.0,2008 
Keiji Mitsuyuki,1.0,2004 
Keisuke Inoue,1.0,2003 
Keith A. Hekman,1.0,2008 
Kemal H. Sahin,1.0,2002 
Kemper E. Lewis,1.0,2002 
Kemper E. Lewis,2.0,2007 
Kemper E. Lewis,1.0,2008 
Kemper Lewis,2.0,2002 
Kemper Lewis,2.0,2003 
Kemper Lewis,2.0,2004 
Kemper Lewis,4.0,2005 
Kemper Lewis,1.0,2006 
Kemper Lewis,2.0,2007 
Kemper Lewis,1.0,2008 
Kemper Lewis,1.0,2009 
Kemper Lewis,2.0,2010 
Kemper Lewis,3.0,2011 
Kemper Lewis,2.0,2012 
Kemper Lewis,2.0,2013 
Kemper Lewis,2.0,2014 
Ken Chen,2.0,2006 
Ken How Foo,1.0,2002 
Ken M. Wallace,1.0,2004 
Ken Nasu,1.0,2012 
Ken W. Chase,1.0,2004 
Kenji Doi,1.0,2008 
Kenji Iino,1.0,2003 
Kenji Iino,1.0,2004 
Kenji Iino,1.0,2005 
Kenji Shimada,3.0,2002 
Kenji Shimada,1.0,2003 
Kenji Shimada,2.0,2004 
Kenji Shimada,1.0,2014 
Kenneth (Mark) Bryden,1.0,2014 
Kenneth Chase,1.0,2003 
Kenneth Kotovsky,1.0,2011 
Kenneth M. Bryden,1.0,2011 
Kenneth M. Bryden,1.0,2012 
Kenneth M. Bryden,2.0,2013 
Kenneth M. Ragsdell,1.0,2006 
Kenneth P. Laberteaux,1.0,2010 
Kenneth P. Laberteaux,1.0,2014 
Kenneth W. Chase,1.0,2002 
Kenneth W. Chase,1.0,2009 
Kensuke Tsuchiya,1.0,2004 
Kenta Ogawa,1.0,2007 
Kentaro Watanabe,1.0,2009 
Kentaro Watanabe,1.0,2010 
Ken'ichi Maemori,2.0,2003 
Ken'ichi Maemori,1.0,2004 
Kerem Bayar,1.0,2010 
Kerr-Jia Lu,1.0,2003 
Kerry R. Poppa,1.0,2010 
Keunho Choi,1.0,2008 
Kevin Drost,1.0,2004 
Kevin G. Harding,1.0,2003 
Kevin Maki,1.0,2011 
Kevin McBrearty,1.0,2004 
Kevin McBrearty,1.0,2006 
Kevin Otto,1.0,2004 
Kevin Otto,1.0,2013 
Kevin Otto,1.0,2014 
Kevin Rawson,1.0,2005 
Kezheng Huang,1.0,2006 
Kezheng Huang,1.0,2007 
Khalid Al-Widyan,1.0,2003 
Khalid M. Abd El-Aziz,1.0,2013 
Khalid M. Abd El-Aziz,1.0,2014 
Khurshid Qureshi,2.0,2006 
Ki-Hoon Shin,1.0,2006 
Kikuo Fujita,1.0,2002 
Kikuo Fujita,1.0,2003 
Kikuo Fujita,1.0,2005 
Kikuo Fujita,1.0,2006 
Kikuo Fujita,1.0,2007 
Kikuo Fujita,2.0,2008 
Kikuo Fujita,1.0,2009 
Kikuo Fujita,1.0,2010 
Kikuo Fujita,1.0,2011 
Kikuo Fujita,1.0,2012 
Kikuo Fujita,1.0,2014 
Kilmo Kang,1.0,2013 
Kimberly A. Jensen,1.0,2003 
Kin-Chuen Hui,1.0,2007 
Kioumars Paryani,1.0,2006 
Kiran K. Annamdas,1.0,2009 
Kiran Solanki,1.0,2008 
Kishore Pochiraju,1.0,2006 
Kishore Pochiraju,1.0,2008 
Kiyoshi Yokota,1.0,2009 
Kiyoung Yi,1.0,2003 
Kiyoung Yi,1.0,2005 
Kjell Andersson,1.0,2013 
Klaus Zeman,1.0,2005 
Koetsu Yamazaki,1.0,2003 
Koetsu Yamazaki,2.0,2007 
Koichi Sasaki,1.0,2007 
Koji Kimita,1.0,2009 
Kosuke Ishii,1.0,2003 
Kris Downey,1.0,2002 
Krishnan Suresh,1.0,2004 
Krishnan Suresh,2.0,2006 
Krishnan Suresh,1.0,2007 
Krishnan Suresh,1.0,2010 
Krishnan Suresh,1.0,2011 
Kristen Kaufman,1.0,2009 
Kristin L. Wood,1.0,2002 
Kristin L. Wood,2.0,2006 
Kristin L. Wood,1.0,2007 
Kristin L. Wood,1.0,2008 
Kristin L. Wood,6.0,2009 
Kristin L. Wood,1.0,2011 
Kristin Potter,1.0,2004 
Kristin Wood,1.0,2010 
Kristin Wood,1.0,2012 
Kristin Wood,1.0,2014 
Kristina Shea,1.0,2005 
Kristina Shea,1.0,2006 
Kristina Shea,2.0,2008 
Kristina Shea,2.0,2009 
Kristina Shea,1.0,2011 
Kristina Shea,1.0,2012 
Kristina Shea,1.0,2013 
Kristina Shea,1.0,2014 
Kristina Warmefjord,1.0,2008 
Kristina Warmefjord,1.0,2011 
Kristina Warmefjord,1.0,2013 
Kristofer S. J. Pister,1.0,2002 
Krystian Zimowski,1.0,2011 
Kuan Sung Hsu,1.0,2014 
Kuan-Ting Chen,1.0,2014 
Kuei-Yuan Chan,1.0,2005 
Kuei-Yuan Chan,1.0,2006 
Kuei-Yuan Chan,2.0,2008 
Kuei-Yuan Chan,1.0,2009 
Kuei-Yuan Chan,2.0,2010 
Kuei-Yuan Chan,1.0,2012 
Kuei-Yuan Chan,1.0,2014 
Kunal R. Khadke,1.0,2013 
Kunjal Oza,1.0,2004 
Kunnayut Eiamsa-ard,1.0,2002 
Kunnayut Eiamsa-ard,1.0,2003 
Kunnayut Eiamsa-ard,1.0,2005 
Kunnayut Eiamsa-ard,1.0,2006 
Kunnayut Eiamsa-ard,1.0,2007 
Kuntal Samanta,1.0,2006 
Kuo Juei Wang,1.0,2007 
Kurt A. Chipperfield,2.0,2002 
Kurt Chipperfield,1.0,2005 
Kurt Hacker,1.0,2002 
Kurt Sermeus,1.0,2010 
Kwok-Leung Tsui,1.0,2004 
Kwok-Leung Tsui,1.0,2006 
Kwok-Leung Tsui,1.0,2007 
Kwok-Leung Tsui,1.0,2008 
Kwun-Lon Ting,1.0,2008 
Kwun-Lon Ting,1.0,2012 
Kyle Stoker,1.0,2010 
Kyoung-Hoon Lee,1.0,2013 
Kyoung-Yun Joseph Kim,1.0,2008 
Kyoung-Yun Kim,1.0,2008 
KyoungJong Park,1.0,2011 
Kyung K. Choi,2.0,2002 
Kyung K. Choi,3.0,2003 
Kyung K. Choi,1.0,2004 
Kyung K. Choi,1.0,2005 
Kyung K. Choi,2.0,2006 
Kyung K. Choi,3.0,2007 
Kyung K. Choi,1.0,2008 
Kyung K. Choi,1.0,2009 
Kyung K. Choi,2.0,2010 
Kyung K. Choi,1.0,2011 
Kyung Min Park,1.0,2014 
L. Hua,1.0,2003 
L. J. B. Peeters,1.0,2005 
L. J. Haarhoff,1.0,2005 
L. Luo,1.0,2004 
L. Wang,1.0,2011 
L. Yuan,1.0,2003 
Lalit Patil,1.0,2008 
Lan Ren,1.0,2005 
Lan Ren,2.0,2006 
Lan Ren,1.0,2007 
Lance M. Powers,1.0,2005 
Larry L. Howell,2.0,2003 
Larry Lessard,1.0,2008 
Larry Lessard,1.0,2010 
Lars Austrin,1.0,2005 
Lars Lindkvist,1.0,2013 
Laura A. Slingerland,1.0,2010 
Lauren S. Perry,1.0,2003 
Lawrence P. Chao,1.0,2003 
Le Chen,1.0,2011 
Le Chen,1.0,2013 
Lee J. Wells,3.0,2007 
Lee Ming Wong,1.0,2002 
Lei Gu,1.0,2003 
Lei Gu,1.0,2004 
Lei Shu,1.0,2011 
Lei Wang,1.0,2002 
Leif P. Berg,1.0,2012 
Leo Joskowicz,1.0,2002 
Leslie Gennari,1.0,2004 
Levent Burak Kara,1.0,2004 
Levent Burak Kara,2.0,2009 
Levent Burak Kara,2.0,2011 
Levent Burak Kara,1.0,2014 
Li Chen,1.0,2003 
Li Chen,1.0,2004 
Li Chen,2.0,2005 
Li Chen,2.0,2006 
Li Chen,1.0,2008 
Li Du,1.0,2007 
Li Liu,1.0,2014 
Li Nie,1.0,2011 
Li-jun Wang,1.0,2002 
Lianfeng Zhang,1.0,2005 
Liang Gao,1.0,2011 
Liang Zhao,1.0,2009 
Liang Zhao,1.0,2010 
Liang Zhao,1.0,2011 
Liang Zhao,1.0,2012 
Liang Zhu,1.0,2002 
Liangkai Ma,1.0,2004 
Lianshui Guo,1.0,2009 
Lie Tang,1.0,2008 
Lieke Arts,1.0,2008 
Liem Ferryanto,1.0,2003 
Lihui Wang,1.0,2003 
Lihui Wang,1.0,2005 
Lihui Wang,1.0,2007 
Lijuan He,1.0,2011 
Lijun Jiang,1.0,2005 
Limei Xu,1.0,2012 
Limei Xu,1.0,2014 
Lin He,1.0,2009 
Lin He,1.0,2010 
Lin He,1.0,2011 
Lin He,1.0,2012 
Linda Lianfeng Zhang,1.0,2007 
Lindsay Hanna,1.0,2008 
Lindsay Hanna,1.0,2009 
Lindsay Hanna,1.0,2010 
Lindsay Wilmes,1.0,2004 
Lining Sun,1.0,2003 
Lionel Roucoules,1.0,2003 
Liping He,1.0,2007 
Liping Wang,1.0,2005 
Liping Wang,1.0,2008 
Liping Wang,1.0,2009 
Liqiang An,1.0,2010 
Liqiang An,1.0,2011 
Liqun Wang,1.0,2003 
Liu Du,2.0,2006 
Liu Du,3.0,2007 
Liu Du,2.0,2008 
Liu Du,1.0,2009 
Long Ge,1.0,2006 
Lonny Thompson,1.0,2011 
Lorens Goksel,1.0,2010 
Loris Barbieri,1.0,2008 
Lorri A. Bennett,1.0,2013 
Lotfi K. Gaafar,1.0,2010 
Lourdes A. Medina,1.0,2012 
Lourdes A. Medina,1.0,2013 
Lu Yi,1.0,2003 
Lucas Pang,1.0,2002 
Luciano Castillo,2.0,2010 
Luciano Castillo,2.0,2011 
Luis E. Izquierdo,1.0,2006 
Luke A. Wissmann,2.0,2008 
Luke Berglind,1.0,2010 
Luoting Fu,1.0,2009 
Lupin Niranjan Jaishankar,1.0,2012 
Lupin Niranjan Jaishankar,1.0,2013 
Lusine Baghdasaryan,1.0,2002 
Lv Wang,1.0,2014 
M. A. M. Victor,1.0,2009 
M. A. Nahon,1.0,2002 
M. Amir Hosseini,1.0,2003 
M. D. Giess,1.0,2002 
M. F. Horstemeyer,1.0,2008 
M. Hofwing,1.0,2011 
M. I. Mgwatu,1.0,2009 
M. J. L. van Tooren,1.0,2005 
M. K. Shin,1.0,2005 
M. K. Tiwari,1.0,2006 
M. Kalveram,1.0,2004 
M. Kokkolaras,1.0,2008 
M. Li,3.0,2009 
M. M. F. Yuen,1.0,2002 
M. Messer,1.0,2008 
M. Steven Greene,1.0,2010 
M. Steven Greene,1.0,2011 
M. Steven Greene,1.0,2012 
M. Yoshimura,1.0,2008 
Maarten H. L. Roring,1.0,2007 
Madan Mohan Dabbeeru,1.0,2008 
Madan Mohan Dabbeeru,1.0,2009 
Madara Ogot,1.0,2003 
Madara Ogot,1.0,2005 
Madara Ogot,1.0,2006 
Madhusudan Chakraborty,1.0,2009 
Madhusudan Kayyar,1.0,2007 
Madhusudan Raghavan,1.0,2003 
Magdalena K. Chmarra,1.0,2008 
Magdalena K. Chmarra,1.0,2010 
Maged R. Abd El Malek,1.0,2005 
Magnus Hofwing,1.0,2009 
Magnus Th. Jonsson,1.0,2011 
Magnus Thor Jonsson,1.0,2005 
Mahdiar Hariri,1.0,2012 
Mahesh Vora,1.0,2003 
Mahmoud Awad,1.0,2004 
Mahmoud R. Saad,1.0,2012 
Maki K. Rashid,1.0,2005 
Man-Hoi Koo,1.0,2013 
Manasi Tamhankar,1.0,2007 
Manh Tien Nguyen,1.0,2012 
Manuel C. Belino,1.0,2014 
Manuel-Angel Gonzalez-Chapa,1.0,2005 
Marc M. Secanell,1.0,2006 
Marcel Verner,1.0,2002 
Marcello Pellicciari,1.0,2011 
Marco Gero Fernandez,1.0,2005 
Marco Malatesta,1.0,2013 
Marco Mandolini,1.0,2012 
Marco Marconi,1.0,2012 
Marcus Pettersson,1.0,2005 
Marcus Pettersson,2.0,2007 
Marcus Pettersson,1.0,2011 
Marcus Redhe,1.0,2003 
Marcus Sandberg,1.0,2006 
Margaret Devendorf,1.0,2010 
Margaret M. Wiecek,1.0,2010 
Margaret M. Wiecek,2.0,2014 
Margherita Peruzzini,1.0,2009 
Maria C. Yang,2.0,2011 
Maria C. Yang,2.0,2012 
Maria C. Yang,1.0,2013 
Maria C. Yang,1.0,2014 
Maria Yang,1.0,2014 
Maria-Elena Aguilar,1.0,2002 
Marie-Josee Potvin,1.0,2002 
Marija Jankovic,1.0,2013 
Marius Swoboda,1.0,2004 
Mark A. Ganter,1.0,2002 
Mark A. Ganter,1.0,2007 
Mark Batdorff,1.0,2004 
Mark Christian E. Manuel,2.0,2014 
Mark Drayer,1.0,2009 
Mark E. Botkin,1.0,2003 
Mark E. Botkin,1.0,2005 
Mark F. Horstemeyer,1.0,2008 
Mark Ganter,1.0,2004 
Mark Ganter,1.0,2008 
Mark Jakiela,1.0,2010 
Mark O. Neal,1.0,2004 
Mark Snider,1.0,2006 
Markus Dihlmann,1.0,2008 
Markus Rippel,1.0,2010 
Martin Oschwald,1.0,2005 
Mary Frecker,1.0,2009 
Masahiko Taniguchi,1.0,2004 
Masahiro Terabe,1.0,2004 
Masahiro Terabe,1.0,2005 
Masakatsu Kuroishi,1.0,2014 
Masakazu Kobayashi,1.0,2006 
Masakazu Kobayashi,1.0,2009 
Masaki Kamifuji,1.0,2002 
Masanori Kuriyama,1.0,2007 
Masao Arakawa,1.0,2002 
Masao Arakawa,1.0,2003 
Masao Arakawa,1.0,2005 
Masaru Kageura,1.0,2002 
Masaru Uchiyama,1.0,2003 
Masataka Yoshimura,2.0,2002 
Masataka Yoshimura,2.0,2003 
Masataka Yoshimura,3.0,2004 
Masataka Yoshimura,4.0,2005 
Masataka Yoshimura,2.0,2006 
Masataka Yoshimura,3.0,2007 
Masataka Yoshimura,4.0,2008 
Masataka Yoshimura,3.0,2009 
Masataka Yoshimura,1.0,2010 
Masataka Yoshimura,1.0,2011 
Masatake Higashi,1.0,2009 
Masayuki Kawamoto,1.0,2009 
Masayuki Nakao,1.0,2004 
Masayuki Nakao,1.0,2005 
Masoud Mojtahed,1.0,2010 
Masoud Pourali,1.0,2012 
Masoud Rais-Rohani,1.0,2008 
Masoud Rais-Rohani,1.0,2012 
Masumi Sekita,1.0,2005 
Mathew Shaker,1.0,2014 
Mathias Almer,1.0,2002 
Matteo Mezzadra,1.0,2002 
Matthew B. Parkinson,1.0,2005 
Matthew B. Parkinson,1.0,2006 
Matthew B. Parkinson,1.0,2007 
Matthew B. Parkinson,2.0,2008 
Matthew B. Parkinson,1.0,2009 
Matthew B. Parkinson,3.0,2010 
Matthew B. Parkinson,1.0,2012 
Matthew B. Parkinson,1.0,2013 
Matthew B. Parkinson,2.0,2014 
Matthew C. Frank,1.0,2004 
Matthew Campbell,1.0,2002 
Matthew Castanier,1.0,2013 
Matthew Castanier,1.0,2014 
Matthew G. McIntire,1.0,2014 
Matthew I. Campbell,1.0,2003 
Matthew I. Campbell,2.0,2004 
Matthew I. Campbell,1.0,2006 
Matthew I. Campbell,4.0,2007 
Matthew I. Campbell,1.0,2008 
Matthew I. Campbell,1.0,2009 
Matthew I. Campbell,2.0,2011 
Matthew I. Campbell,3.0,2012 
Matthew I. Campbell,2.0,2013 
Matthew J. Woodruff,1.0,2013 
Matthew K. Chamberlain,1.0,2008 
Matthew Malone,1.0,2008 
Matthew P. Castanier,1.0,2014 
Matthew P. Reed,1.0,2005 
Matthew P. Reed,1.0,2006 
Matthew P. Reed,1.0,2008 
Matthew Parkinson,1.0,2002 
Matthew Parkinson,1.0,2011 
Matthew Reed,1.0,2002 
Matthew Watkins,1.0,2010 
Matthias Gurtler,1.0,2008 
Matthias Kreimeyer,1.0,2008 
Matthias Messer,1.0,2007 
Matthias Messer,1.0,2012 
Matti Heiska,1.0,2009 
Maura Mengoni,1.0,2007 
Maura Mengoni,2.0,2009 
Maura Mengoni,1.0,2010 
Maura Mengoni,1.0,2011 
Maurizio Muzzupappa,1.0,2008 
Mehdi Tarkian,1.0,2010 
Mehdi Tarkian,1.0,2011 
Mehdi Tarkian,1.0,2012 
Mehdi Tarkian,1.0,2014 
Mehmet Ersin Yumer,1.0,2011 
Melissa Gardenghi,1.0,2010 
Meng Xu,2.0,2014 
Meng-Leong Tay,1.0,2005 
Meng-Sang Chew,1.0,2004 
Meryvn Fathianathan,1.0,2008 
Mi Xiao,1.0,2011 
Mian Li,1.0,2005 
Mian Li,1.0,2006 
Mian Li,1.0,2007 
Mian Li,1.0,2010 
Mian Li,1.0,2012 
Mian Li,2.0,2013 
Mian Li,2.0,2014 
Miao Zhuang,1.0,2004 
Michael A. Yukish,1.0,2013 
Michael A. Yukish,1.0,2014 
Michael Cardew-Hall,1.0,2006 
Michael E. Webber,1.0,2012 
Michael F. Zaeh,1.0,2003 
Michael G. Miller,1.0,2012 
Michael G. Montero,1.0,2003 
Michael Granato,1.0,2014 
Michael Haberman,1.0,2013 
Michael Haberman,1.0,2014 
Michael J. Alexander,1.0,2010 
Michael J. Harper,1.0,2003 
Michael J. Scott,2.0,2003 
Michael J. Scott,1.0,2004 
Michael J. Scott,3.0,2006 
Michael J. Scott,1.0,2009 
Michael J. Scott,1.0,2013 
Michael K. Coughlin,1.0,2013 
Michael Kokkolaras,1.0,2002 
Michael Kokkolaras,1.0,2004 
Michael Kokkolaras,3.0,2005 
Michael Kokkolaras,2.0,2006 
Michael Kokkolaras,1.0,2007 
Michael Kokkolaras,1.0,2010 
Michael Kokkolaras,1.0,2011 
Michael Kokkolaras,1.0,2012 
Michael Kokkolaras,1.0,2013 
Michael Kokkolaras,2.0,2014 
Michael Latcha,1.0,2007 
Michael Morgenroth,1.0,2012 
Michael R. Tonks,1.0,2004 
Michael S. Cherry,1.0,2003 
Michael S. O. Ehrenstrasser,1.0,2003 
Michael Sasena,2.0,2002 
Michael Schabacker,1.0,2002 
Michael Schabacker,1.0,2006 
Michael Schabacker,1.0,2008 
Michael Schabacker,1.0,2013 
Michael Yu Wang,1.0,2003 
Michael Yu Wang,2.0,2004 
Michael Yu Wang,1.0,2005 
Michael Yu Wang,1.0,2006 
Michael Yu Wang,1.0,2011 
Michel Bigand,1.0,2003 
Michel Bigand,1.0,2004 
Michel Bigand,1.0,2005 
Michele Germani,1.0,2007 
Michele Germani,2.0,2009 
Michele Germani,1.0,2010 
Michele Germani,1.0,2011 
Michele Germani,1.0,2012 
Michele Germani,1.0,2013 
Michiki Nakano,1.0,2006 
Miguel Vieira,1.0,2002 
Miguel Vieira,1.0,2003 
Miguel Vieira,1.0,2004 
Mikael Cederfeldt,1.0,2004 
Mike Bailey,1.0,2007 
Mike Poldneff,1.0,2012 
Mike Van Wie,1.0,2005 
Mike Yukish,1.0,2003 
Mike Yukish,1.0,2007 
Mikhail Ejakov,1.0,2004 
Min Joong Jeong,1.0,2002 
Min Joong Jeong,1.0,2003 
Min-Geun Kim,1.0,2011 
Min-Ho Kyung,1.0,2002 
Min-Sheng Shin,1.0,2002 
Ming Wang Fu,1.0,2008 
Ming Wang Fu,1.0,2009 
Ming Wang Fu,1.0,2010 
Ming-Chuan Chiu,1.0,2009 
Mingming Wang,1.0,2014 
Mingxian Wang,1.0,2013 
Minho Yoon,1.0,2011 
Minhua Long,1.0,2012 
Minhua Long,1.0,2014 
Minjung Kwak,2.0,2012 
Minjung Kwak,1.0,2013 
Minkyu Park,1.0,2011 
Minting Xiao,1.0,2013 
Miranda Baladi,1.0,2002 
Mitch W. Pryor,1.0,2013 
Mitchell M. Tseng,1.0,2009 
Mitsunori Miki,1.0,2002 
Moataz A. M. Abd El Gawad,1.0,2012 
Moh Sabeur,1.0,2006 
Mohamed Aly,2.0,2013 
Mohamed Aly,2.0,2014 
Mohamed B. Trabia,1.0,2004 
Mohamed B. Trabia,1.0,2007 
Mohamed B. Trabia,2.0,2008 
Mohamed B. Trabia,1.0,2010 
Mohamed Chookah,1.0,2008 
Mohamed El Morsi,2.0,2013 
Mohamed El Morsi,1.0,2014 
Mohamed El-Morsi,1.0,2012 
Mohamed El-Morsi,1.0,2014 
Mohamed F. Aly,2.0,2010 
Mohamed F. Aly,1.0,2012 
Mohamed H. Abbas,1.0,2010 
Mohamed H. Abbas,1.0,2011 
Mohamed M. Saada,1.0,2008 
Mohamed M. Shalaby,1.0,2003 
Mohamed S. Senousy,2.0,2005 
Mohamed S. Senousy,1.0,2008 
Mohamed Trabia,1.0,2013 
Mohammad Alemi-Ardakani,1.0,2010 
Mohammad Ben-Daya,1.0,2010 
Mohammad Fazelpour,2.0,2013 
Mohammad Fazelpour,1.0,2014 
Mohammad Modarres,1.0,2008 
Mohammad Nuhi,1.0,2008 
Mohammad Rouhi,1.0,2012 
Mohammad Usman,1.0,2002 
Mohammed Reza Kianifar,1.0,2014 
Mohammed Shalaby,1.0,2009 
Mohammed Shalaby,2.0,2010 
Mohammed Shalaby,1.0,2011 
Mohammed Shalaby,1.0,2012 
Mohammed Shalaby,1.0,2013 
Mohammed Tauhiduzzaman,1.0,2014 
Mohit Goswami,1.0,2007 
Mohmmad M. A. Hanafy,1.0,2009 
Monica Bordegoni,1.0,2007 
Monica Majcher,1.0,2012 
Monica Majcher,1.0,2014 
Morgan Bruns,1.0,2006 
Moslem Kazemi,1.0,2010 
Mostafa H. Sharqawy,1.0,2013 
Mostafa H. Sharqawy,1.0,2014 
Mostafa Nouri,1.0,2002 
Mostafa S. A. Elsayed,1.0,2009 
Mostafa S. A. Elsayed,1.0,2010 
Mouhab Meshreki,1.0,2013 
Mouhab Meshreki,1.0,2014 
Mounib Mekhilef,2.0,2003 
Mounib Mekhilef,2.0,2004 
Mounib Mekhilef,2.0,2005 
Mu Qiao,1.0,2011 
Mu Zhu,1.0,2012 
Muhammad Al-Salamah,1.0,2010 
Mukul Karnik,1.0,2004 
Murali M. R. Krishna,1.0,2006 
Murilo W. Bonilha,1.0,2004 
Mustafa Arafa,1.0,2010 
Mustafa H. Arafa,1.0,2008 
N. Al-Qasas,1.0,2009 
N. Ashwin Bharadwaj,1.0,2013 
N. N. Kishore,1.0,2008 
N. Pramanik,1.0,2002 
N. R. Srinivasa Raghavan,1.0,2012 
N. Williams,1.0,2006 
N. Williams,1.0,2008 
N. Williams,1.0,2009 
Naesung Lyu,1.0,2002 
Naesung Lyu,1.0,2003 
Naesung Lyu,1.0,2004 
Naesung Lyu,1.0,2006 
Nagesh Belludi,1.0,2002 
Nagesh H. Kulkarni,1.0,2013 
Nagesh Kulkarni,1.0,2014 
Nam H. Kim,1.0,2003 
Nam H. Kim,1.0,2005 
Nam Ho Kim,1.0,2002 
Nam Ho Kim,1.0,2006 
Nam Ho Kim,1.0,2010 
Nam Ho Kim,1.0,2011 
Nam-Ho Kim,1.0,2007 
Namwoo Kang,1.0,2014 
Nan Liu,2.0,2006 
Nanua Singh,1.0,2004 
Nanxin Wang,1.0,2004 
Nanxin Wang,2.0,2006 
Nanxin Wang,1.0,2007 
Nanxin Wang,1.0,2008 
Nanxin Wang,1.0,2009 
Naohiro Yabuta,1.0,2004 
Naohiro Yabuta,1.0,2005 
Naoki Tanigawa,1.0,2003 
Naoki Tanigawa,1.0,2004 
Nasr Al-Hinai,1.0,2007 
Natasha C. Wright,1.0,2014 
Natesh Chandrashekar,1.0,2002 
Nathan B. Schroeder,1.0,2010 
Nathan G. Johnson,1.0,2011 
Nathan G. Johnson,2.0,2013 
Nathan G. Johnson,2.0,2014 
Nathan Gibson,1.0,2014 
Nathan H. Putnam,1.0,2009 
Nathan H. Putnam,1.0,2012 
Ndrianarilala Rianantsoa,1.0,2009 
Neal M. Patel,1.0,2006 
Neal M. Patel,1.0,2007 
Neal M. Patel,1.0,2012 
Neha P. Takawale,1.0,2006 
Nengsheng Bao,1.0,2008 
Nicholas S. Wasley,1.0,2012 
Nick Tzannetakis,1.0,2004 
Nickolas Vlahopoulos,1.0,2003 
Nickolas Vlahopoulos,2.0,2011 
Niclas Stromberg,2.0,2009 
Niclas Stromberg,1.0,2010 
Niclas Stromberg,1.0,2013 
Niclas Stromberg,1.0,2014 
Nier Wu,1.0,2007 
Nikhil Kaushal,1.0,2009 
Nikita Thakur,1.0,2009 
Nilanjan Chakraborty,1.0,2003 
Nina P. Robson,1.0,2013 
Ning Quan,1.0,2012 
Ning Quan,1.0,2014 
Ningning Zhou,1.0,2002 
Ningrong Lei,1.0,2014 
Niranjan Thyagaraja,1.0,2011 
Nita Yodo,1.0,2013 
Nita Yodo,1.0,2014 
Nordica MacCarty,1.0,2013 
Nordica MacCarty,1.0,2014 
Norio Matsuki,1.0,2002 
Norio Matsuki,1.0,2004 
Noriyasu Hirokawa,1.0,2002 
Noriyasu Hirokawa,1.0,2005 
Nozomu Kogiso,1.0,2005 
Nozomu Mishima,1.0,2003 
Nozomu Mishima,1.0,2004 
Nuogang Sun,1.0,2007 
O. Ma,1.0,2002 
Oben Ceryan,1.0,2005 
Ola Isaksson,1.0,2012 
Olivier de Weck,1.0,2006 
Olivier L. de Weck,1.0,2003 
Olivier L. de Weck,1.0,2006 
Olivier L. de Weck,1.0,2007 
Olivier L. de Weck,1.0,2013 
Oscar Roberto Salinas Mejia,1.0,2012 
Ou Ma,1.0,2012 
Oyku Asikoglu,1.0,2014 
P. B. Nair,1.0,2005 
P. B. Nair,1.0,2006 
P. D. Yoder,1.0,2008 
P. G. Li,1.0,2008 
P. Gu,1.0,2002 
P. Gu,2.0,2004 
P. Gu,1.0,2007 
P. Gu,1.0,2010 
P. H. Gu,1.0,2008 
P. K. Kannan,1.0,2004 
P. K. Kannan,1.0,2006 
P. K. Kannan,1.0,2008 
P. K. Kannan,1.0,2010 
P. K. Kannan,2.0,2011 
P. K. Kannan,1.0,2014 
P. Papalambros,1.0,2008 
Pablo S. Santaeufemia,1.0,2014 
Padmavathi K. Pakala,1.0,2006 
Palwinder Singh,1.0,2003 
Panayotis Georgiopoulos,1.0,2002 
Panayotis Georgiopoulos,1.0,2003 
Panos Papalambros,1.0,2002 
Panos Papalambros,1.0,2005 
Panos Papalambros,2.0,2007 
Panos Papalambros,1.0,2008 
Panos Papalambros,1.0,2009 
Panos Y. Papalambros,2.0,2002 
Panos Y. Papalambros,2.0,2003 
Panos Y. Papalambros,2.0,2004 
Panos Y. Papalambros,5.0,2005 
Panos Y. Papalambros,4.0,2006 
Panos Y. Papalambros,2.0,2007 
Panos Y. Papalambros,1.0,2008 
Panos Y. Papalambros,4.0,2010 
Panos Y. Papalambros,2.0,2011 
Panos Y. Papalambros,2.0,2012 
Panos Y. Papalambros,2.0,2013 
Panos Y. Papalambros,3.0,2014 
Paolo Cicconi,1.0,2010 
Paolo Guarneri,1.0,2011 
Paolo Guarneri,4.0,2012 
Parameshwaran S. Iyer,1.0,2012 
Parthsarathy Durgi,1.0,2003 
Pascal Haussler,1.0,2008 
Patrick J. Clasen,1.0,2009 
Patrick K. Lewis,1.0,2010 
Patrick K. Lewis,2.0,2011 
Patrick K. Lewis,2.0,2012 
Patrick M. Reed,1.0,2005 
Patrick M. Reed,1.0,2013 
Patrick Morelle,1.0,2002 
Patrick Moriarty,1.0,2012 
Patrick V. Hull,1.0,2003 
Paul Arendt,1.0,2009 
Paul Carlile,1.0,2002 
Paul D. Arendt,1.0,2010 
Paul D. Arendt,1.0,2011 
Paul D. Arendt,1.0,2012 
Paul F. Egan,1.0,2011 
Paul F. Egan,1.0,2013 
Paul K. Wright,1.0,2003 
Paul Stewart,1.0,2002 
Paul Weal,1.0,2004 
Paul Witherell,1.0,2006 
Payam Haghighi,1.0,2014 
Pei Cao,1.0,2014 
Peihua Gu,1.0,2008 
Peng Song,1.0,2003 
Peng Wei,1.0,2006 
Peter A. Fenyes,1.0,2004 
Peter B. Backlund,1.0,2012 
Peter B. Backlund,1.0,2013 
Peter Cormier,1.0,2012 
Peter D. Lilienthal,1.0,2013 
Peter Fenyes,1.0,2008 
Peter Hallberg,1.0,2005 
Peter Hehenberger,1.0,2005 
Peter J. Hesketh,1.0,2004 
Peter J. Sackett,1.0,2004 
Peter Sandborn,1.0,2008 
Peter Simov,1.0,2010 
Peter Willemsen,1.0,2004 
Peter Y. Zhang,1.0,2012 
Petru-Aurelian Simionescu,1.0,2002 
Petter Krus,1.0,2003 
Petter Krus,1.0,2004 
Petter Krus,3.0,2005 
Peyman Karimian,1.0,2009 
Phil Cormier,1.0,2010 
Phil Cormier,1.0,2011 
Phil Cormier,1.0,2012 
Philip Odonkor,1.0,2014 
Philip R. LeDuc,1.0,2011 
Philip R. LeDuc,1.0,2013 
Philippe Deshayes,1.0,2003 
Philippe Wenger,1.0,2003 
Philippe Wenger,1.0,2009 
Piampoom Sarikprueck,1.0,2013 
Pierre Goovaerts,1.0,2002 
Pierre M. Larochelle,1.0,2003 
Pierre Nowak,1.0,2003 
Pierre-Alain Yvars,1.0,2010 
Pierre-Alain Yvars,1.0,2011 
Pierre-Alain Yvars,1.0,2012 
Pierre-Alain Yvars,1.0,2013 
Pieter E. Vermaas,1.0,2010 
Pieter J. Stappers,1.0,2004 
Pietro Buttolo,1.0,2004 
Pietro Buttolo,1.0,2006 
Pietro Fanghella,1.0,2002 
Pin-Yi Lin,1.0,2012 
Ping An Du,2.0,2011 
Ping Ge,2.0,2004 
Ping Ge,1.0,2006 
Pingfeng Wang,2.0,2007 
Pingfeng Wang,1.0,2008 
Pingfeng Wang,1.0,2011 
Pingfeng Wang,5.0,2012 
Pingfeng Wang,6.0,2013 
Pingfeng Wang,6.0,2014 
Pinghai Yang,1.0,2007 
Po Ting Lin,1.0,2008 
Po Ting Lin,1.0,2009 
Po Ting Lin,1.0,2010 
Po Ting Lin,1.0,2011 
Po Ting Lin,1.0,2012 
Po Ting Lin,2.0,2014 
Po-Er Hsu,1.0,2010 
Prabhu Shankar,2.0,2011 
Prabhu Shankar,1.0,2013 
Pradeep George,1.0,2005 
Pradeep George,1.0,2006 
Pradeep Radhakrishnan,1.0,2012 
Prakhar Jaiswal,1.0,2014 
Pramod Zagade,1.0,2014 
Pranay Kilaru,1.0,2011 
Prasanna Tamilselvan,2.0,2012 
Prasanna Tamilselvan,1.0,2013 
Prasanth B. Nair,1.0,2009 
Prashant Mohan,1.0,2014 
Prateek Gupta,1.0,2013 
Priyesh Malegaonkar,1.0,2010 
Pugazhendhi Kanakasabai,1.0,2012 
Punit Bandi,1.0,2012 
Q. Cheng,1.0,2008 
Q. J. Ge,2.0,2003 
Q. J. Ge,1.0,2006 
Q. Z. Yang,1.0,2004 
Q. Z. Yang,1.0,2005 
Qi D. Van Eikema Hommes,1.0,2010 
Qi Lu,1.0,2012 
Qiaode Jeffrey Ge,1.0,2005 
Qiaode Jeffrey Ge,1.0,2008 
Qingtian Cai,1.0,2010 
R. D. Sriram,1.0,2002 
R. Dumitrescu,1.0,2003 
R. G. L. Hodges,1.0,2003 
R. J. Yang,1.0,2003 
R. J. Yang,1.0,2004 
R. J. Yang,1.0,2007 
R. M. Cheatham,1.0,2002 
R. Roy,1.0,2003 
R. Sudarsan,1.0,2002 
R.-J. Yang,1.0,2008 
Rached Ben-Mansour,1.0,2011 
Rachel Hannah,1.0,2008 
Rachel Kuhr,1.0,2009 
Rachel Kuhr,1.0,2010 
Rafael Araque,1.0,2004 
Raffaele Di Gregorio,1.0,2003 
Raffi Kamalian,1.0,2004 
Rahul Gupta,1.0,2014 
Rahul Khardekar,1.0,2006 
Rahul Rai,1.0,2002 
Rahul Rai,1.0,2006 
Rahul Rai,1.0,2007 
Rahul Rai,1.0,2011 
Rahul Rai,1.0,2012 
Rahul Rai,1.0,2013 
Rahul Rai,1.0,2014 
Rahul Sarnobat,1.0,2010 
Raivo Sell,1.0,2009 
Raj Mishra,1.0,2003 
Rajat Saxena,2.0,2003 
Rajesh Subramanian,1.0,2005 
Rajkumar Roy,1.0,2003 
Rajkumar Roy,1.0,2004 
Rajul Misra,1.0,2004 
Rakesh S. Kulkarni,1.0,2005 
Ralf Schultheiss,1.0,2002 
Ralph Stelzer,1.0,2010 
Raluca Dumitrescu,1.0,2002 
Ram D. Sriram,1.0,2003 
Ramesh Lakshmipathy,1.0,2002 
Ramesh Rebba,1.0,2010 
Ramon C. Kuczera,1.0,2007 
Ramon C. Kuczera,1.0,2009 
Ramon C. Kuczera,1.0,2010 
Ramsey Hemadeh,1.0,2002 
Ramy Harik,1.0,2006 
Randal P. Ching,1.0,2007 
Randy H. Ewoldt,1.0,2013 
Ranjan Mukherjee,1.0,2005 
Raphael T. Haftka,1.0,2003 
Raphael T. Haftka,2.0,2005 
Raphael T. Haftka,2.0,2007 
Raphael T. Haftka,1.0,2008 
Raphael T. Haftka,1.0,2009 
Raphael T. Haftka,1.0,2010 
Raphael T. Haftka,1.0,2011 
Ravi Teja Katragadda,1.0,2012 
Ravi Vallepalli,1.0,2011 
Ravikiran Anapagaddi,1.0,2014 
Raymond J. Cipra,3.0,2003 
Raymond Lipowski,1.0,2010 
Raymond Rutkowski,1.0,2004 
Raymundo Arroyave,1.0,2014 
Razvan Florea,1.0,2005 
Recep M. Gorguluarslan,1.0,2014 
Regina R. Clewlow,1.0,2014 
Reiko Koganei,2.0,2003 
Ren-Jye Yang,1.0,2012 
Ren-Jye Yang,1.0,2013 
Renbin Xiao,1.0,2002 
Rene Waarsing,1.0,2010 
Renzo Cecere,2.0,2010 
Rhonda Anderson,1.0,2004 
Rhys-Sheffer Birthwright,1.0,2008 
Ricardo Sbragio,1.0,2011 
Richard A. Waltz,1.0,2009 
Richard A. Wysk,1.0,2004 
Richard A. Wysk,1.0,2006 
Richard A. Wysk,1.0,2011 
Richard Crawford,1.0,2009 
Richard Crawford,1.0,2010 
Richard Crawford,1.0,2012 
Richard Gerth,1.0,2013 
Richard Gonzalez,1.0,2007 
Richard Gonzalez,1.0,2010 
Richard Gonzalez,1.0,2013 
Richard Gonzalez,1.0,2014 
Richard H. Crawford,1.0,2005 
Richard H. Crawford,1.0,2011 
Richard Hauffe,1.0,2008 
Richard J. Malak,1.0,2012 
Richard J. Malak, Jr.,1.0,2011 
Richard J. Malak, Jr.,1.0,2014 
Richard M. Crowder,1.0,2003 
Richard M. Goff,1.0,2006 
Richard Malak,1.0,2012 
Richard Riesenfeld,1.0,2009 
Richard W. Longman,1.0,2004 
Riichiro Mizoguchi,1.0,2007 
Rikard Soderberg,1.0,2002 
Rikard Soderberg,2.0,2008 
Rikard Soderberg,1.0,2011 
Rikard Soderberg,1.0,2013 
Rikard Soderberg,1.0,2014 
Rishabh Shukla,2.0,2014 
Rita T. Willmann,1.0,2010 
Ritesh A. Khire,1.0,2005 
Ritesh A. Khire,1.0,2006 
Ritesh Khire,2.0,2008 
Ritesh Khire,2.0,2012 
Rob H. Bracewell,1.0,2004 
Robert B. Stone,1.0,2004 
Robert B. Stone,2.0,2005 
Robert B. Stone,5.0,2006 
Robert B. Stone,1.0,2010 
Robert Bjarnemo,1.0,2011 
Robert Bjarnemo,1.0,2013 
Robert Bohlin,1.0,2008 
Robert C. Fromuth,1.0,2008 
Robert C. Leishman,1.0,2009 
Robert Cheatham,1.0,2004 
Robert D. Campbell,1.0,2011 
Robert G. Landers,1.0,2003 
Robert G. Landers,1.0,2008 
Robert Gao,1.0,2014 
Robert L. Jordan, Jr.,1.0,2005 
Robert L. Jordan, Jr.,1.0,2006 
Robert L. Williams, II,2.0,2003 
Robert Paasch,1.0,2003 
Robert R. Mayer,1.0,2002 
Robert R. Mayer,1.0,2003 
Robert R. Parker,1.0,2011 
Robert Scott Pierce,1.0,2005 
Roberto Raffaeli,1.0,2009 
Roberto Raffaeli,1.0,2010 
Roberto Raffaeli,1.0,2011 
Roberto Raffaeli,1.0,2013 
Robin McDougall,1.0,2009 
Roderick K. W. Lee,1.0,2003 
Rodolphe Le Riche,1.0,2011 
Rogelio Flores,1.0,2002 
Roger J. Jiao,1.0,2011 
Roger Jianxin Jiao,1.0,2007 
Roger V. Bostelman,1.0,2003 
Roland Stolt,1.0,2005 
Romain Farel,1.0,2013 
Ronald S. Farrell,1.0,2006 
Ronald S. Farrell,1.0,2008 
Rong Jing,1.0,2013 
Roxana Grigoras,1.0,2007 
Roxanne A. Moore,1.0,2009 
Roxanne A. Moore,1.0,2011 
Roy Awedikian,1.0,2008 
Roy Rusly,1.0,2010 
Rudolf J. Seethaler,1.0,2010 
Ruichen Jin,1.0,2002 
Ruichen Jin,1.0,2003 
Ruichen Jin,1.0,2004 
Ruichen Jin,1.0,2005 
Runli Zhang,1.0,2009 
Runli Zhang,1.0,2010 
Runze Li,1.0,2003 
Ruoning Xu,1.0,2007 
Ruoqian Liu,1.0,2014 
Rupesh Kumar,1.0,2004 
Rupesh Kumar,1.0,2005 
Ruqin Zhang,1.0,2007 
Russell R. Barton,1.0,2003 
Ryan Fellini,2.0,2002 
Ryan S. Hutcheson,2.0,2006 
Ryan S. Hutcheson,1.0,2009 
Ryoichi Itoh,2.0,2007 
Ryosuke Chiba,1.0,2010 
Ryota Akai,1.0,2008 
Ryota Akai,1.0,2010 
Ryota Akai,1.0,2011 
S. Al Hashimi,1.0,2009 
S. Azarm,2.0,2002 
S. Azarm,2.0,2003 
S. Azarm,3.0,2004 
S. Azarm,1.0,2006 
S. Azarm,1.0,2008 
S. Azarm,3.0,2009 
S. Azarm,2.0,2010 
S. Azarm,2.0,2011 
S. Azarm,1.0,2012 
S. Barbat,1.0,2008 
S. Bhide,1.0,2003 
S. Gunawan,1.0,2003 
S. Gunawan,1.0,2004 
S. I. Yi,1.0,2005 
S. J. Culley,1.0,2002 
S. J. Du,1.0,2004 
S. Jack Hu,1.0,2002 
S. Jack Hu,1.0,2003 
S. Jack Hu,1.0,2006 
S. M. Gao,1.0,2002 
S. M. Mahbub Murshed,1.0,2007 
S. M. Mahbub Murshed,1.0,2009 
S. Manoochehri,1.0,2005 
S. Maruyama,1.0,2008 
S. Nishiwaki,1.0,2008 
S. Rahman,1.0,2005 
S. Shahpar,1.0,2005 
S. Shahpar,1.0,2006 
S. Shan,1.0,2006 
S. Shan,1.0,2007 
S. Y. Cheing,2.0,2004 
Saber DorMohammadi,1.0,2012 
Sadao Nishiyama,2.0,2007 
Saeema Ahmed,1.0,2004 
Sagar Chowdhury,1.0,2009 
Sajad Arabnejad Khanoki,2.0,2011 
Saket Kansara,1.0,2010 
Salman Ahmed,2.0,2014 
Sam Anand,1.0,2008 
Sam Drake,1.0,2009 
Sam Nazari,1.0,2010 
Samir Mesihovic,1.0,2004 
Samuel Drake,1.0,2005 
Samuel Sai-Man Li,1.0,2007 
Samyeon Kim,1.0,2013 
Sandipan Bandyopadhyay,1.0,2003 
Sandor Vajna,2.0,2002 
Sandor Vajna,1.0,2003 
Sandor Vajna,1.0,2006 
Sandor Vajna,1.0,2008 
Sandor Vajna,1.0,2013 
Saneet A. Jawalkar,1.0,2007 
Sang Bum Kim,1.0,2009 
Sang Hoon Lee,1.0,2007 
Sang Jun Nam,1.0,2011 
Sang Won Lee,1.0,2012 
Sang-Joon Yoon,1.0,2009 
Sanghon Lee,1.0,2008 
Sanghoon Lee,2.0,2009 
Sangjin Jung,1.0,2014 
Sangwon Lee,1.0,2014 
Sanjay B. Joshi,1.0,2008 
Sanjay Joshi,1.0,2006 
Sankara Hari Gopalakrishnan,1.0,2006 
Sankara Hari Gopalakrishnan,1.0,2007 
Sankaran Mahadevan,1.0,2003 
Sankaran Mahadevan,3.0,2004 
Sankaran Mahadevan,1.0,2010 
Santosh Tiwari,1.0,2006 
Santosh Tiwari,1.0,2007 
Santosh Tiwari,1.0,2008 
Sara Behdad,1.0,2012 
Sara E. Lego,1.0,2013 
Sara Lego,1.0,2007 
Sara McMains,1.0,2002 
Sara McMains,1.0,2005 
Sara McMains,1.0,2006 
Sara McMains,1.0,2007 
Sara McMains,1.0,2009 
Saraj Gupta,1.0,2007 
Saraj Gupta,1.0,2008 
Saraj Gupta,1.0,2009 
Satish K. Bapanapalli,1.0,2007 
Satish V. K. Akundi,1.0,2005 
Satishkumar Subramanian,1.0,2004 
Satoshi Imamura,1.0,2002 
Satoshi Kanai,1.0,2007 
Satoshi Kanai,1.0,2008 
Satoshi Kitayama,1.0,2002 
Satoshi Kitayama,1.0,2003 
Satoshi Yoshida,1.0,2004 
Satyandra K. Gupta,1.0,2003 
Satyandra K. Gupta,1.0,2004 
Sayed M. Metwalli,1.0,2002 
Sayed M. Metwalli,1.0,2003 
Sayed M. Metwalli,2.0,2005 
Sayed M. Metwalli,2.0,2007 
Sayed M. Metwalli,1.0,2008 
Sayed M. Metwalli,1.0,2009 
Sayed M. Metwalli,1.0,2010 
Sayed M. Metwalli,1.0,2011 
Sayed M. Metwalli,2.0,2012 
Sayed M. Metwalli,1.0,2013 
Sayed M. Metwalli,1.0,2014 
Sayed Metwalli,1.0,2012 
Sayed Metwalli,1.0,2013 
Sayed Metwalli,1.0,2014 
Scott Duncan,1.0,2006 
Scott Ferguson,1.0,2005 
Scott Ferguson,1.0,2007 
Scott Ferguson,1.0,2009 
Scott Ferguson,2.0,2010 
Scott Ferguson,4.0,2011 
Scott Ferguson,1.0,2012 
Scott Ferguson,3.0,2013 
Scott Ferguson,1.0,2014 
Scott M. Ferguson,2.0,2014 
Scott Nokleby,1.0,2009 
Sean Gibbons,1.0,2014 
Sean T. Ricks,1.0,2014 
Sebastian K. Fixson,1.0,2004 
Sebastian Mennicke,1.0,2004 
Sebastien J. Wolff,1.0,2006 
Sebastien Le Digabel,1.0,2014 
Semyung Wang,1.0,2011 
Seong-Ho Kang,1.0,2003 
Seonho Cho,2.0,2011 
Seth Orsborn,1.0,2007 
Seth Orsborn,1.0,2008 
Seth Orsborn,1.0,2010 
Seth Orsborn,1.0,2014 
Seung Ki Moon,1.0,2006 
Seung Ki Moon,2.0,2007 
Seung Ki Moon,1.0,2008 
Seung Ki Moon,2.0,2009 
Seung Ki Moon,1.0,2010 
Seung Ki Moon,1.0,2011 
Seung Ki Moon,1.0,2012 
Seung Ki Moon,1.0,2013 
Seung Ki Moon,2.0,2014 
Seung-Kyum Choi,2.0,2009 
Seung-Kyum Choi,2.0,2010 
Seung-Kyum Choi,1.0,2012 
Seung-Kyum Choi,1.0,2013 
Seung-Kyum Choi,2.0,2014 
Seung-Wook Lee,1.0,2011 
Seungjae Oh,1.0,2011 
Seyedmohsen Hosseini,1.0,2014 
Sha Ma,1.0,2003 
Shabaz Ahmed Mohammed,1.0,2013 
Shabnam Rezapour,1.0,2013 
Shafin Tauhid,1.0,2007 
Shahryar Rahnamayan,1.0,2010 
Shaiful Arif,1.0,2012 
Shaligram Pokharel,1.0,2005 
Shamim Akhtar,1.0,2002 
Shana Smith,1.0,2009 
Shana Smith,1.0,2012 
Shane K. Curtis,1.0,2012 
Shaoluo L. Butler,1.0,2007 
Shaopu Yang,1.0,2005 
Shapour Azarm,1.0,2002 
Shapour Azarm,1.0,2005 
Shapour Azarm,1.0,2006 
Shapour Azarm,1.0,2007 
Shapour Azarm,1.0,2014 
Sharad Goyal,2.0,2014 
Shari Hannapel,1.0,2011 
Shashi K. Shahi,1.0,2010 
Shashi K. Shahi,1.0,2011 
Shawn E. Gano,1.0,2003 
Shawn Midlam-Mohler,1.0,2010 
Shen Lu,1.0,2009 
Shen Lu,1.0,2010 
Shen Lu,1.0,2011 
Sheng Q. Xie,1.0,2008 
Sherif Aly,1.0,2003 
Sherman Y. T. Lang,1.0,2003 
Sherrill Biggers,1.0,2007 
Shigeaki Komori,1.0,2002 
Shigeru Sakamoto,1.0,2003 
Shikui Chen,1.0,2009 
Shin Kikuchi,1.0,2009 
Shingo Takeuchi,1.0,2005 
Shinji Nishiwaki,2.0,2003 
Shinji Nishiwaki,3.0,2004 
Shinji Nishiwaki,3.0,2005 
Shinji Nishiwaki,2.0,2006 
Shinji Nishiwaki,3.0,2007 
Shinji Nishiwaki,4.0,2008 
Shinji Nishiwaki,2.0,2009 
Shinji Nishiwaki,1.0,2012 
Shinobu Yoshimura,1.0,2002 
Shinobu Yoshimura,1.0,2003 
Shintaro Yamasaki,1.0,2008 
Shintaro Yamasaki,1.0,2014 
Shintarou Yamasaki,1.0,2007 
Shin'ichi Yoshioka,1.0,2003 
Shiqiao Li,1.0,2005 
Shiva Sander-Tavallaey,1.0,2007 
Shiwei Zhou,1.0,2005 
Shraddha Joshi,1.0,2010 
Shraddha Joshi,1.0,2012 
Shramana Ghosh,1.0,2013 
Shuchun Wang,1.0,2006 
Shuichi Hayashi,1.0,2007 
Shuming Gao,1.0,2006 
Shuming Gao,1.0,2007 
Shuming Gao,1.0,2008 
Shuming Gao,1.0,2009 
Shuming Gao,1.0,2011 
Shunde Gao,1.0,2010 
Shuo Cheng,1.0,2012 
Shuo Cheng,1.0,2013 
Shusheng Bi,1.0,2003 
Shutian Liu,1.0,2010 
Shuting Zhang,1.0,2007 
Shuting Zhang,1.0,2008 
Shuxing Yang,1.0,2009 
Shuyou Zhang,1.0,2005 
Siamak Arzanpour,1.0,2013 
Siang-Kok Sim,1.0,2005 
Siegmar Haasis,1.0,2002 
Sigurjon N. Kjaernested,1.0,2011 
Simon Li,1.0,2003 
Simon Li,1.0,2004 
Simon Li,1.0,2005 
Simon Li,2.0,2006 
Simon Li,2.0,2008 
Simon Li,1.0,2010 
Simon Li,1.0,2014 
Simon W. Miller,1.0,2013 
Simon W. Miller,1.0,2014 
Sina Ghotbi,1.0,2009 
Singiresu S. Rao,1.0,2004 
Singiresu S. Rao,1.0,2009 
Sinobu Yoshimura,1.0,2002 
Sirisha Rangavajhala,1.0,2007 
Sirisha Rangavajhala,1.0,2008 
Sirisha Rangavajhala,1.0,2010 
Sisi Xuanyuan,1.0,2008 
Solomon C. Yim,1.0,2006 
Somasundaram Valliyappan,2.0,2006 
Songlin Chen,1.0,2009 
Songqing Shan,2.0,2003 
Songqing Shan,1.0,2004 
Songqing Shan,1.0,2005 
Songqing Shan,1.0,2009 
Songqing Shan,1.0,2010 
Soobum Lee,1.0,2014 
Soon Chong Johnson Lim,1.0,2010 
Soon Chong Johnson Lim,1.0,2011 
Souma Chowdhury,2.0,2010 
Souma Chowdhury,2.0,2011 
Souma Chowdhury,1.0,2012 
Souma Chowdhury,3.0,2013 
Souma Chowdhury,2.0,2014 
Soundar R. T. Kumara,1.0,2004 
Soundar R. T. Kumara,1.0,2006 
Soundar R. T. Kumara,1.0,2007 
Soundar R. T. Kumara,1.0,2008 
Soundar R. T. Kumara,2.0,2009 
Souran Manoochehri,1.0,2002 
Souran Manoochehri,1.0,2003 
Souran Manoochehri,2.0,2006 
Souran Manoochehri,1.0,2008 
Sourav Rakshit,1.0,2006 
Sourobh Ghosh,1.0,2013 
Spencer P. Magleby,1.0,2011 
Sravya Thoomu,1.0,2009 
Sree Shankar Satheesh Babu,1.0,2014 
Sreekanth Reddy Gondipalle,1.0,2012 
Sreeram Ramakrishnan,1.0,2004 
Sridhar Kota,1.0,2003 
Srikanth Akkaram,1.0,2005 
Srikanth Devanathan,1.0,2009 
Srikanth Tadepalli,1.0,2007 
Srikanth Tadepalli,2.0,2009 
Srinivasan Anandan,1.0,2006 
Stanislav Bohac,1.0,2003 
Stefan Dahlstrom,1.0,2002 
Stefanie Braun,1.0,2008 
Stefano Filippi,1.0,2008 
Steffen Clement,1.0,2002 
Stella M. Clarke,1.0,2003 
Stella Maris Oggianu,1.0,2005 
Stella Oggianu,1.0,2012 
Stephan Lisiewicz,1.0,2004 
Stephan Rudolph,1.0,2006 
Stephan Rudolph,1.0,2008 
Stephan Rudolph,1.0,2009 
Stephane Caro,1.0,2003 
Stephane Caro,1.0,2012 
Stephane Caro,2.0,2013 
Stephane Guillet,1.0,2003 
Stephanie C. Thompson,1.0,2006 
Stephanie Minel,1.0,2012 
Stephen C-Y. Lu,1.0,2013 
Stephen D. Sintay,1.0,2005 
Stephen L. Canfield,1.0,2003 
Stephen Veldhuis,1.0,2014 
Steve B. Shooter,1.0,2006 
Steve C. Wang,1.0,2002 
Steven B. Shooter,1.0,2004 
Steven B. Shooter,2.0,2005 
Steven B. Shooter,2.0,2006 
Steven B. Shooter,2.0,2007 
Steven B. Shooter,2.0,2008 
Steven B. Shooter,1.0,2009 
Steven Dubowsky,1.0,2014 
Steven Greene,1.0,2009 
Steven Hoffenson,1.0,2014 
Steven J. Skerlos,1.0,2003 
Steven J. Skerlos,1.0,2005 
Steven J. Skerlos,1.0,2006 
Steven Sieczka,1.0,2006 
Steven Turek,1.0,2008 
Stewart M. Skiles,1.0,2006 
Stijn Donders,1.0,2004 
Subroto Gunawan,1.0,2005 
Subroto Gunawan,1.0,2006 
Sudarsanam Chellappa,1.0,2002 
Sudhakar Teegavarapu,2.0,2006 
Sudhir Kaul,1.0,2009 
Sudhir Kaul,1.0,2010 
Sudipto Ghosh,1.0,2009 
Sumedh Inamdar,1.0,2011 
Sun Yuguo,1.0,2005 
Sunao Takafuji,1.0,2007 
Sundar Krishnamurthy,1.0,2003 
Sundar Krishnamurthy,1.0,2007 
Sundar Krishnamurty,2.0,2002 
Sundar Krishnamurty,3.0,2006 
Sundar Murugappan,1.0,2011 
Sundeep Samson,1.0,2009 
Sung H. Jang,1.0,2005 
Sung Woo Kang,1.0,2012 
Sungwoo Jang,1.0,2013 
Sunmin Yook,1.0,2009 
Surya Swamy,1.0,2007 
Susan Finger,1.0,2006 
Susan Finger,1.0,2008 
Susan Finger,1.0,2010 
Suzanne Woll,1.0,2004 
Swapnil Padhye,1.0,2004 
Swaroop B. Visweswaraiah,1.0,2010 
Swathi Routhu,2.0,2010 
Sweta Dhaveji Ch.,1.0,2011 
Syed Zubair,1.0,2013 
Syed Zubair,1.0,2014 
T. C. Kingsley,1.0,2004 
T. Lim,1.0,2005 
T. R. Langerak,1.0,2005 
T. Tyan,1.0,2004 
T. Wiegers,1.0,2003 
T. Yamamoto,1.0,2008 
T. Zhang,1.0,2005 
Tadafumi Kubo,1.0,2003 
Taesik Lee,1.0,2010 
Takaaki Okano,1.0,2004 
Takanori Chihara,1.0,2007 
Takashi Kobayashi,1.0,2002 
Takashi Suyama,1.0,2007 
Takayuki Yamada,1.0,2008 
Takayuki Yamada,2.0,2009 
Takayuki Yamada,1.0,2012 
Takehide Nomura,1.0,2002 
Takeo Ohashi,1.0,2005 
Takeshi Kishinami,1.0,2002 
Takeshi Kishinami,1.0,2004 
Takeshi Kishinami,1.0,2007 
Talib Bhabhrawala,1.0,2005 
Tamotsu Murakami,1.0,2006 
Tamotsu Murakami,1.0,2007 
Tamotsu Murakami,1.0,2008 
Tamotsu Murakami,1.0,2010 
Tamotsu Murakami,1.0,2013 
Tania Ortiz Cardenas,1.0,2002 
Tao Li,1.0,2004 
Tarek ElMekkawy,1.0,2007 
Tarek ElMekkawy,1.0,2008 
Tarunraj Singh,1.0,2006 
Tarunraj Singh,1.0,2013 
Tatu Leinonen,1.0,2003 
Teng Long,1.0,2014 
Teresa Wu,1.0,2014 
Terry K. K. Chang,1.0,2002 
Tetsuo Tomiyama,1.0,2008 
Tetsuo Tomiyama,1.0,2010 
Tetsurou Ogushi,1.0,2002 
Tetsuzo Kuragano,1.0,2007 
Thaweepat Buranathiti,1.0,2002 
Thaweepat Buranathiti,1.0,2004 
Theodore B. Trafalis,1.0,2013 
Theodore F. Johnson,1.0,2005 
Thierry Carriere,1.0,2005 
Thomas F. Stahovich,1.0,2004 
Thomas F. Stahovich,1.0,2005 
Thomas Gemmer,1.0,2013 
Thomas Gmeiner,1.0,2011 
Thomas Gmeiner,1.0,2013 
Thomas Klar,1.0,2002 
Thomas Kormeier,1.0,2006 
Thomas Kormeier,1.0,2008 
Thomas M. Stone,1.0,2012 
Thomas R. Langerak,1.0,2007 
Thomas Stone,1.0,2013 
Thomas Stone,1.0,2014 
Tian Huang,1.0,2003 
Tiedong Si,1.0,2013 
Tiefu Shao,2.0,2006 
Tiefu Shao,1.0,2007 
Tieshi Zhao,1.0,2003 
Tim A. P. Gjernes,1.0,2013 
Timothy Harren-Lewis,1.0,2008 
Timothy J. Troy,1.0,2006 
Timothy Klatt,1.0,2013 
Timothy Klatt,1.0,2014 
Timothy P. Dietz,1.0,2009 
Timothy W. Simpson,1.0,2002 
Timothy W. Simpson,6.0,2003 
Timothy W. Simpson,4.0,2004 
Timothy W. Simpson,7.0,2005 
Timothy W. Simpson,9.0,2006 
Timothy W. Simpson,5.0,2007 
Timothy W. Simpson,8.0,2008 
Timothy W. Simpson,4.0,2009 
Timothy W. Simpson,2.0,2010 
Timothy W. Simpson,3.0,2011 
Timothy W. Simpson,2.0,2012 
Timothy W. Simpson,4.0,2013 
Timothy W. Simpson,2.0,2014 
Ting Zou,1.0,2014 
Ting-Li Yang,2.0,2006 
Tjamme Wiegers,1.0,2002 
Tjamme Wiegers,1.0,2003 
Tjamme Wiegers,1.0,2008 
Tobias C. Larsson,1.0,2012 
Tobias Larsson,1.0,2006 
Todd E. Sparks,1.0,2006 
Todd E. Sparks,1.0,2008 
Todd E. Sparks,1.0,2009 
Todd E. Sparks,1.0,2011 
Tolga Kurtoglu,1.0,2011 
Tom R. Kramer,1.0,2008 
Tomohiro Mizoguchi,1.0,2007 
Tomohiro Mizoguchi,1.0,2008 
Tomohiro Taguchi,1.0,2006 
Tomoki Ushiro,1.0,2005 
Tomonori Honda,1.0,2005 
Tomonori Honda,1.0,2011 
Tomonori Honda,1.0,2012 
Tomonori Honda,1.0,2013 
Tomonori Honda,1.0,2014 
Tomotake Furuhata,1.0,2002 
Tomotake Furuhata,1.0,2003 
Tomoyuki Hiroyasu,1.0,2002 
Tomoyuki Miyashita,1.0,2002 
Tomoyuki Miyashita,2.0,2003 
Tong Zou,1.0,2003 
Tong Zou,1.0,2004 
Toru Inagaki,1.0,2004 
Toru Matsushima,1.0,2007 
Toshio Morihara,1.0,2003 
Toshiro Matsumoto,1.0,2012 
Toshiyuki Ishii,1.0,2013 
Toufic Azar,1.0,2010 
Toufic Zaraket,1.0,2012 
Travis McEvoy,1.0,2011 
Trevor Bailey,2.0,2004 
Trevor Bailey,2.0,2008 
Trevor Richardson,1.0,2011 
Tsung-Ren Hung,1.0,2002 
Tsutomu Nishimura,1.0,2005 
Tsuyoshi Koga,1.0,2006 
Tsuyoshi Tajima,1.0,2004 
Tucker J. Marion,1.0,2006 
Tucker J. Marion,1.0,2008 
Tucker Marion,1.0,2006 
Tung-King See,1.0,2002 
Tung-King See,1.0,2003 
Tung-King See,1.0,2004 
Tung-King See,1.0,2005 
Tyler Streeter,1.0,2006 
Tzu-Chieh Hung,1.0,2010 
Tzu-Chieh Hung,1.0,2014 
U. Roy,1.0,2002 
Udo Lindemann,1.0,2008 
Ulf Schmidt,1.0,2010 
Ulf Sellgren,1.0,2013 
Umakanth Sakaray,1.0,2007 
Umberto Cugini,1.0,2008 
Umesh Gandhi,2.0,2011 
Umit Sonmez,1.0,2003 
Urmila M. Diwekar,1.0,2002 
Utkarsh Seth,1.0,2009 
Utpal Roy,1.0,2005 
Uwe Hinze,1.0,2002 
Uwe Woessner,1.0,2010 
V. Cheutet,1.0,2005 
V. Krishnamurthy,1.0,2008 
V. Mehrad,1.0,2010 
V. N. Murthy Arelekatti,1.0,2014 
V. Roshan Joseph,1.0,2004 
V. Sundararajan,1.0,2009 
Vadim Shapiro,1.0,2006 
Vadivel Jagasivamani,1.0,2007 
Valder Steffen, Jr.,1.0,2007 
Valery Y. Glizer,1.0,2012 
Vance R. Murray,1.0,2010 
Varun Gopinath,1.0,2014 
Varun Prabhakar,1.0,2008 
Venkat Allada,1.0,2002 
Venkat Allada,1.0,2004 
Venkat Allada,1.0,2005 
Venkat Allada,2.0,2006 
Venkat Allada,1.0,2007 
Venkat Krovi,1.0,2005 
Venketesh N. Dubey,1.0,2003 
Vernet Lasrado,2.0,2008 
Veronica E. Marin,1.0,2009 
Veronika Vasylkivska,1.0,2014 
Victor Maldonado,1.0,2013 
Victor Oduguwa,1.0,2003 
Victor Picheny,1.0,2007 
Victor Picheny,1.0,2009 
Victoria C. P. Chen,1.0,2004 
Vijay K. Kalivarapu,1.0,2008 
Vijay Kumar,1.0,2003 
Vijitashwa Pandey,2.0,2011 
Vijitashwa Pandey,3.0,2012 
Vijitashwa Pandey,3.0,2013 
Vijitashwa Pandey,4.0,2014 
Vijitha Kiridena,1.0,2006 
Vikas Tomar,1.0,2007 
Vikramjit Singh,1.0,2006 
Vinayak,1.0,2011 
Vincent Blouin,1.0,2012 
Vincent Chanron,1.0,2003 
Vincent Chanron,1.0,2004 
Vincent Chanron,1.0,2005 
Vincent Cheutet,1.0,2004 
Vincent Y. Blouin,1.0,2003 
Vincent Y. Blouin,1.0,2004 
Vincent Y. Blouin,2.0,2005 
Vincent Y. Blouin,1.0,2006 
Vincent Y. Blouin,1.0,2010 
Vishal Rami,1.0,2006 
Vishwa Kalyanasundaram,1.0,2011 
Vivek Attaluri,1.0,2006 
Vivek Krishnamurthy,1.0,2009 
Vladimir Gantovnik,2.0,2006 
Vladimir Turetsky,1.0,2012 
W. F. Lu,2.0,2004 
W. F. Lu,1.0,2005 
W. Gregory Sawyer,1.0,2006 
W. Hu,1.0,2009 
W. Hu,1.0,2012 
W. Ross Morrow,2.0,2012 
W. Ross Morrow,1.0,2013 
W. Ross Morrow,1.0,2014 
Wade O. Troxell,1.0,2002 
Waguih H. ElMaraghy,1.0,2003 
Waleed M. A. Abd El-Hady,1.0,2007 
Walid Ben Ahmed,1.0,2003 
Walid Ben Ahmed,1.0,2004 
Walid Ben Ahmed,1.0,2005 
Walid Ben Ahmed,1.0,2007 
Walt Benson,1.0,2008 
Wanliang Wang,1.0,2002 
Warren P. Seering,1.0,2012 
Warren Seering,1.0,2010 
Wei Chen,3.0,2002 
Wei Chen,3.0,2003 
Wei Chen,3.0,2004 
Wei Chen,2.0,2005 
Wei Chen,3.0,2006 
Wei Chen,4.0,2007 
Wei Chen,3.0,2008 
Wei Chen,8.0,2009 
Wei Chen,3.0,2010 
Wei Chen,4.0,2011 
Wei Chen,3.0,2012 
Wei Chen,3.0,2013 
Wei Chen,2.0,2014 
Wei Huang,1.0,2014 
Wei Jin,1.0,2007 
Wei Li,1.0,2005 
Wei Li,1.0,2006 
Wei Li,1.0,2009 
Wei Li,1.0,2014 
Wei Liu,1.0,2002 
Wei Song,2.0,2013 
Wei Song,2.0,2014 
Wei Zhao,1.0,2006 
Wei-Han Chen,1.0,2012 
Wei-Ju Chen,1.0,2008 
Weigang An,1.0,2013 
Weiguo Zhang,1.0,2003 
Weihang Zhu,1.0,2009 
Weihang Zhu,1.0,2010 
Weijuan Cao,1.0,2009 
Weijuan Cao,1.0,2011 
Weijun Wang,1.0,2012 
Weijun Wang,2.0,2013 
Weiyang Tong,2.0,2013 
Weiyang Tong,1.0,2014 
Wen F. Lu,1.0,2002 
Wen F. Lu,1.0,2003 
Wen F. Lu,1.0,2009 
Wen Feng Lu,1.0,2003 
Wen-Yuh Jywe,1.0,2003 
Wenhui Fan,1.0,2004 
Wenshan Wang,1.0,2010 
Wenshan Wang,1.0,2012 
Wentao Fu,1.0,2012 
Wentao Fu,1.0,2013 
Wenwu Xiu,1.0,2012 
Wenyong Ma,1.0,2008 
Willem F. Bronsvoort,1.0,2004 
William Brace,1.0,2009 
William Culbreth,1.0,2004 
William Gaziza,1.0,2014 
William R. Ledoux,1.0,2007 
William R. Patterson, Jr.,1.0,2011 
William Wetmore,1.0,2003 
William Wetmore,1.0,2004 
Winfried-Hagen Friedl,1.0,2004 
Wing Bun Lee,1.0,2011 
Wing Kam Liu,1.0,2008 
Wing Kam Liu,1.0,2009 
Wing Kam Liu,1.0,2010 
Wing Kam Liu,1.0,2011 
Wing Kam Liu,1.0,2012 
Wing Yin Kwong,1.0,2012 
Winston Chiang,1.0,2012 
Wonmo Kim,1.0,2012 
Wooi Ping Cheah,1.0,2008 
Wouter O. Schotborgh,1.0,2007 
Wuhsun Chung,1.0,2011 
X. Y. Shao,1.0,2008 
Xiang Chen,1.0,2007 
Xiang Chen,1.0,2008 
Xiang Li,1.0,2005 
Xiangdong Yang,2.0,2006 
Xiao-Ling Zhang,1.0,2011 
Xiaobao Liu,1.0,2011 
Xiaodong Liu,1.0,2012 
Xiaolei Yin,1.0,2005 
Xiaolei Yin,1.0,2007 
Xiaolei Yin,1.0,2008 
Xiaolei Yin,2.0,2009 
Xiaoli Ye,1.0,2008 
XiaoLin Hu,1.0,2008 
Xiaolong Feng,1.0,2007 
Xiaolong Feng,1.0,2008 
Xiaolong Feng,1.0,2009 
Xiaolong Feng,1.0,2010 
Xiaolong Feng,2.0,2011 
Xiaolong Feng,1.0,2012 
Xiaolong Luke Zhang,2.0,2009 
Xiaolong Luke Zhang,1.0,2011 
Xiaomeng Chang,1.0,2006 
Xiaoming Wang,1.0,2003 
Xiaoming Wang,1.0,2004 
Xiaoping Du,1.0,2002 
Xiaoping Du,2.0,2003 
Xiaoping Du,1.0,2004 
Xiaoping Du,1.0,2005 
Xiaoping Du,2.0,2006 
Xiaoping Du,1.0,2007 
Xiaoping Du,1.0,2008 
Xiaoping Du,1.0,2010 
Xiaoping Du,2.0,2011 
Xiaoping Du,2.0,2012 
Xiaoping Du,3.0,2013 
Xiaoping Du,1.0,2014 
Xiaoping Qian,1.0,2003 
Xiaoping Qian,1.0,2007 
Xiaoping Qian,1.0,2014 
Xiaoqiang Zhang,1.0,2014 
Xiaoqing Frank Liu,2.0,2010 
Xiaorui Chen,1.0,2005 
Xiaorui Chen,1.0,2007 
Xiaoshen Chen,1.0,2011 
Xiaosong Guo,1.0,2014 
Xiaoyi Chi,1.0,2005 
Xiaoyun Zhang,1.0,2013 
Xike Zhao,1.0,2012 
Xike Zhao,1.0,2013 
Xike Zhao,1.0,2014 
Xin Wang,1.0,2010 
Xin Wang,1.0,2012 
Xin Yan,1.0,2011 
Xingjie Fang,1.0,2008 
Xinyu Shao,1.0,2011 
Xu Guo,1.0,2004 
Xu Han,1.0,2014 
Xu Zhang,1.0,2013 
Xuan F. Zha,1.0,2002 
Xuan F. Zha,1.0,2003 
Xuesong Mei,1.0,2007 
Xueyong Qu,1.0,2003 
Xun W. Xu,1.0,2008 
Xuyuan Liu,1.0,2008 
Y. Fu,1.0,2007 
Y. I. Kim,1.0,2005 
Y. Kang,1.0,2002 
Y. L. Tu,2.0,2005 
Y. L. Tu,1.0,2009 
Y. Li,1.0,2007 
Y. Rong,1.0,2002 
Y. S. Liu,1.0,2002 
Y. Song,1.0,2002 
Y. Song,1.0,2003 
Y. Song,1.0,2004 
Y. Song,1.0,2005 
Y. Song,1.0,2007 
Y.-M. Deng,1.0,2004 
Ya-Dan Xiao,1.0,2010 
Yan Fu,1.0,2002 
Yan Fu,1.0,2005 
Yan Fu,1.0,2012 
Yan Jin,1.0,2002 
Yan Jin,1.0,2005 
Yan Jin,1.0,2006 
Yan Jin,1.0,2012 
Yan Jin,1.0,2013 
Yan Li,1.0,2008 
Yan Wang,1.0,2006 
Yan Wang,3.0,2008 
Yan Wang,1.0,2009 
Yan Wang,1.0,2010 
Yan Wang,2.0,2011 
Yan Wang,1.0,2012 
Yan Wang,2.0,2013 
Yan Wang,2.0,2014 
Yan Zhou,1.0,2003 
Yang Li,1.0,2013 
Yang Wang,1.0,2003 
Yangqiu Patrick Hu,1.0,2007 
Yanjing Li,1.0,2007 
Yann Leroy,1.0,2011 
Yann Leroy,1.0,2012 
Yannick Ravaut,1.0,2011 
Yanwei Zhao,2.0,2002 
Yao Lin,1.0,2004 
Yao Lin,2.0,2008 
Yaoyao F. Zhao,1.0,2008 
Yasunari Mimura,1.0,2002 
Yasushi Suehisa,1.0,2007 
Yayoi Murase,1.0,2005 
Ye Li,1.0,2012 
Yee Mey Goh,1.0,2007 
Yeh-Liang Hsu,1.0,2010 
Yeong K. Kim,1.0,2011 
Yesh P. Singh,1.0,2002 
Yi Miao,1.0,2003 
Yi Miao,1.0,2004 
Yi Miao,1.0,2005 
Yi Ren,1.0,2010 
Yi Ren,1.0,2011 
Yi Ren,2.0,2012 
Yi Ren,2.0,2013 
Yi Ren,2.0,2014 
Yi Zhang,1.0,2008 
Yi-shih Lin,1.0,2009 
Yiben Lin,1.0,2005 
Yibin Wang,1.0,2012 
Yifan Chen,1.0,2002 
Yifan Chen,2.0,2004 
Yifan Chen,1.0,2005 
Yifan Chen,1.0,2006 
Yifan Chen,1.0,2007 
Yih-Charng Deng,1.0,2002 
Yiliu Tu,1.0,2007 
Yimin Liu,1.0,2013 
Ying Liu,1.0,2010 
Ying Liu,1.0,2011 
Ying Xiong,1.0,2004 
Ying Xiong,1.0,2006 
Ying Xiong,1.0,2007 
Ying Xiong,1.0,2009 
Yingli Zhang,1.0,2002 
Yixiang Han,1.0,2013 
Yogendra Joshi,1.0,2006 
Yogesh D. Thakar,1.0,2004 
Yogesh Dashroa,1.0,2006 
Yogesh Jaluria,1.0,2006 
Yogesh Jaluria,1.0,2008 
Yogesh Jaluria,1.0,2009 
Yogesh Jaluria,1.0,2010 
Yogesh Jaluria,1.0,2012 
Yong Chen,1.0,2005 
Yong Chen,1.0,2009 
Yong Chen,1.0,2010 
Yong Chen,1.0,2012 
Yong Se Kim,1.0,2012 
Yong Wang,1.0,2007 
Yongbin Lee,1.0,2009 
Yonghong Peng,1.0,2004 
Yongmao Gu,1.0,2008 
Yoo S. Hong,1.0,2012 
Yoo S. Hong,1.0,2013 
Yoo Suk Hong,1.0,2007 
Yoojeong Noh,1.0,2007 
Yoojeong Noh,1.0,2008 
Yoojeong Noh,2.0,2009 
Yoojeong Noh,2.0,2010 
Yoojeong Noh,1.0,2012 
Yoon Young Kim,1.0,2011 
Yoram Koren,1.0,2005 
Yoshiki Shimomura,1.0,2009 
Yoshiki Shimomura,1.0,2010 
Yoshiki Shimomura,1.0,2012 
Yoshiki Ujiie,1.0,2002 
Yoshinobu Kitamura,1.0,2007 
Yoshinori Konishi,1.0,2004 
Yoshiya Ogihara,1.0,2007 
Yoshiyuki Matsuoka,1.0,2002 
Yosuke Kikuchi,1.0,2008 
Yotaro Hatamura,1.0,2003 
Yotaro Hatamura,2.0,2004 
Yotaro Hatamura,2.0,2005 
You-Tern Tsai,1.0,2012 
Youdong Yang,1.0,2007 
Youdong Yang,1.0,2008 
Youji Hiraoka,1.0,2008 
Youn Doh Ha,1.0,2011 
Young H. Choi,1.0,2005 
Young-Il Kim,1.0,2005 
Youyun Zhang,1.0,2007 
Yu Kimishima,1.0,2006 
Yu Liu,1.0,2009 
Yu Liu,1.0,2010 
Yu Liu,1.0,2011 
Yu Song,1.0,2002 
Yu Song,1.0,2003 
Yu Song,1.0,2008 
Yu Yoshimura,1.0,2006 
Yu Yoshimura,1.0,2008 
Yu-Cheng Chou,1.0,2014 
Yu-Chung Liao,1.0,2004 
Yu-Chung Liao,1.0,2006 
Yu-Tong Li,1.0,2009 
Yu-Xin Wang,1.0,2002 
Yu-Xin Wang,1.0,2009 
Yuan Mao Huang,1.0,2002 
Yuan Mao Huang,1.0,2003 
Yuan Mao Huang,1.0,2004 
Yuan Mao Huang,1.0,2006 
Yuan Mao Huang,1.0,2007 
Yuanyuan Liu,1.0,2012 
Yue Wang,1.0,2009 
Yuguang Wu,1.0,2010 
Yuguang Wu,1.0,2012 
Yuji Kawaguchi,1.0,2004 
Yuki Hamasaki,1.0,2010 
Yuko Shimomura,1.0,2003 
Yuliang Shen,1.0,2005 
Yuma Ito,1.0,2012 
Yuming Qiu,1.0,2006 
Yun Seon Kim,1.0,2008 
Yuna Hu,1.0,2005 
Yung Ting,1.0,2002 
Yung Ting,1.0,2004 
Yung-Chieh Hung,1.0,2010 
Yung-Yuan Hsu,1.0,2012 
Yunjian Ge,1.0,2007 
Yuqin Jiang,1.0,2009 
Yusheng Liu,1.0,2006 
Yusheng Liu,1.0,2009 
Yutaka Inamori,1.0,2004 
Yutaka Nomaguchi,1.0,2006 
Yutaka Nomaguchi,1.0,2008 
Yutaka Nomaguchi,1.0,2012 
Yuya Suzuki,1.0,2009 
Yves Page,1.0,2003 
Yves Page,1.0,2004 
Yves Page,1.0,2005 
Z. Dong,1.0,2009 
Z. Wang,1.0,2010 
Z. Wang,1.0,2011 
Zafer Gurdal,1.0,2006 
Zahed Siddique,1.0,2003 
Zahed Siddique,1.0,2004 
Zahed Siddique,1.0,2005 
Zahed Siddique,1.0,2007 
Zahed Siddique,1.0,2009 
Zahed Siddique,1.0,2012 
Zainab Hermes,1.0,2010 
Zebin Zhou,1.0,2011 
Zequn Wang,1.0,2012 
Zequn Wang,2.0,2013 
Zequn Wang,4.0,2014 
Zhangqi Wang,1.0,2010 
Zhansi Jiang,1.0,2013 
Zhaoliang Jiang,1.0,2008 
Zhaoqian Li,1.0,2008 
Zhaosong Lu,1.0,2007 
Zhaoyan Fan,1.0,2014 
Zhe Zhang,1.0,2014 
Zhen Gao,2.0,2008 
Zhen Gao,1.0,2009 
Zhen Hu,1.0,2012 
Zhen Hu,2.0,2013 
Zhen Hu,1.0,2014 
Zhen Huang,1.0,2003 
Zhen Jiang,1.0,2013 
Zhen Jiang,1.0,2014 
Zheng Fan,1.0,2002 
Zhengchu Wang,1.0,2002 
Zhengdong Ding,1.0,2003 
Zhengdong Huang,1.0,2002 
Zhengdong Ma,1.0,2011 
Zhengshu Shen,1.0,2005 
Zhenyu Cheng,1.0,2004 
Zheqi Lin,1.0,2010 
Zhi Gang Xu,1.0,2002 
Zhi Han,1.0,2011 
Zhi-Gang Xu,1.0,2004 
Zhichao Wang,1.0,2014 
Zhiguang Qian,1.0,2004 
Zhihuang Dai,2.0,2003 
Zhihuang Dai,1.0,2004 
Zhijun Li,1.0,2006 
Zhila Pirmoradi,1.0,2011 
Zhila Pirmoradi,1.0,2014 
Zhimin Xi,4.0,2007 
Zhimin Xi,2.0,2008 
Zhimin Xi,1.0,2009 
Zhimin Xi,1.0,2010 
Zhimin Xi,1.0,2011 
Zhimin Xi,2.0,2012 
Zhimin Xi,1.0,2013 
Zhimin Xi,1.0,2014 
Zhipeng Lei,1.0,2013 
Zhiqiang Chen,1.0,2007 
Zhonglai Wang,1.0,2013 
Zhonglai Wang,1.0,2014 
Zhongyan Qian,1.0,2002 
Zhuming Bi,1.0,2007 
Zissimos P. Mourelatos,3.0,2003 
Zissimos P. Mourelatos,3.0,2004 
Zissimos P. Mourelatos,2.0,2005 
Zissimos P. Mourelatos,2.0,2006 
Zissimos P. Mourelatos,2.0,2007 
Zissimos P. Mourelatos,2.0,2008 
Zissimos P. Mourelatos,2.0,2009 
Zissimos P. Mourelatos,4.0,2010 
Zissimos P. Mourelatos,3.0,2011 
Zissimos P. Mourelatos,3.0,2012 
Zissimos P. Mourelatos,4.0,2013 
Zissimos P. Mourelatos,5.0,2014 
Zongde Fang,1.0,2011 
Zoran Filipi,1.0,2003 
Zuomin Dong,1.0,2006 
Zuomin Dong,1.0,2007 
Zuomin Dong,1.0,2013 
